REGISTRY_ID,PGM_SYS_ACRNM,PGM_SYS_ID,INTEREST_TYPE,NAICS_CODE,PRIMARY_INDICATOR,CODE_DESCRIPTION
110000456113,EIS,5840811,AIR EMISSIONS CLASSIFICATION UNKNOWN,334413,PRIMARY,SEMICONDUCTOR AND RELATED DEVICE MANUFACTURING.
110000456113,TX-TCEQ ACR,RN100789676,STATE MASTER,334413,PRIMARY,SEMICONDUCTOR AND RELATED DEVICE MANUFACTURING.
110000456113,TX-TCEQ ACR,RN102324977,STATE MASTER,334413,PRIMARY,SEMICONDUCTOR AND RELATED DEVICE MANUFACTURING.
110000456113,TRIS,75034HTSNN1000H,TRI REPORTER,334413,PRIMARY,SEMICONDUCTOR AND RELATED DEVICE MANUFACTURING.
110000456113,RCRAINFO,TXD041087925,UNSPECIFIED UNIVERSE,334413,PRIMARY,SEMICONDUCTOR AND RELATED DEVICE MANUFACTURING.
110000456541,EIS,6491411,HAZARDOUS AIR POLLUTANT MAJOR,334413,PRIMARY,SEMICONDUCTOR AND RELATED DEVICE MANUFACTURING.
110000456541,AIR,TX0000004811300817,AIR MINOR,334413,PRIMARY,SEMICONDUCTOR AND RELATED DEVICE MANUFACTURING.
110000456541,RCRAINFO,TXD982556524,UNSPECIFIED UNIVERSE,334413,PRIMARY,SEMICONDUCTOR AND RELATED DEVICE MANUFACTURING.
110000456541,AIRS/AFS,4811300817,AIR MINOR,334413,PRIMARY,SEMICONDUCTOR AND RELATED DEVICE MANUFACTURING.
110000456541,TX-TCEQ ACR,RN100857994,STATE MASTER,334413,PRIMARY,SEMICONDUCTOR AND RELATED DEVICE MANUFACTURING.
110000456541,TRIS,75063HTCHS6431L,TRI REPORTER,334413,PRIMARY,SEMICONDUCTOR AND RELATED DEVICE MANUFACTURING.
110000456649,TX-TCEQ ACR,RN101997617,STATE MASTER,334413,PRIMARY,SEMICONDUCTOR AND RELATED DEVICE MANUFACTURING.
110000456649,AIRS/AFS,4811300861,AIR MINOR,334413,PRIMARY,SEMICONDUCTOR AND RELATED DEVICE MANUFACTURING.
110000456649,AIR,TX0000004811300861,AIR MINOR,334413,PRIMARY,SEMICONDUCTOR AND RELATED DEVICE MANUFACTURING.
110000456649,RCRAINFO,TXD047825633,LQG,334413,PRIMARY,SEMICONDUCTOR AND RELATED DEVICE MANUFACTURING.
110000456649,TRIS,75081HNYWL830EA,TRI REPORTER,334413,PRIMARY,SEMICONDUCTOR AND RELATED DEVICE MANUFACTURING.
110000456649,EIS,3967311,HAZARDOUS AIR POLLUTANT MAJOR,334413,PRIMARY,SEMICONDUCTOR AND RELATED DEVICE MANUFACTURING.
110000456649,RCRAINFO,TXR000057331,UNSPECIFIED UNIVERSE,334413,PRIMARY,SEMICONDUCTOR AND RELATED DEVICE MANUFACTURING.
110000456649,TX-TCEQ ACR,RN104204912,STATE MASTER,334413,PRIMARY,SEMICONDUCTOR AND RELATED DEVICE MANUFACTURING.
110000457700,TRIS,75238MRLWN10451,TRI REPORTER,334413,PRIMARY,SEMICONDUCTOR AND RELATED DEVICE MANUFACTURING.
110000457700,AIRS/AFS,4811300229,AIR MINOR,334413,PRIMARY,SEMICONDUCTOR AND RELATED DEVICE MANUFACTURING.
110000457700,AIR,TX0000004811300229,AIR MAJOR,334413,PRIMARY,SEMICONDUCTOR AND RELATED DEVICE MANUFACTURING.
110000457700,TX-TCEQ ACR,RN100219542,STATE MASTER,334413,PRIMARY,SEMICONDUCTOR AND RELATED DEVICE MANUFACTURING.
110000457700,RCRAINFO,TXD062886981,SQG,334413,PRIMARY,SEMICONDUCTOR AND RELATED DEVICE MANUFACTURING.
110000457791,EIS,4607111,AIR EMISSIONS CLASSIFICATION UNKNOWN,334413,PRIMARY,SEMICONDUCTOR AND RELATED DEVICE MANUFACTURING.
110000457791,TRIS,75243TRQNT13512,TRI REPORTER,334413,PRIMARY,SEMICONDUCTOR AND RELATED DEVICE MANUFACTURING.
110000457791,TX-TCEQ ACR,RN100223650,STATE MASTER,334413,PRIMARY,SEMICONDUCTOR AND RELATED DEVICE MANUFACTURING.
110000462543,AIR,TX0000004815700017,AIR MAJOR,334413,PRIMARY,SEMICONDUCTOR AND RELATED DEVICE MANUFACTURING.
110000462543,RCRAINFO,TXD008073926,VSQG,334413,PRIMARY,SEMICONDUCTOR AND RELATED DEVICE MANUFACTURING.
110000462543,TX-TCEQ ACR,RN101717999,STATE MASTER,334413,PRIMARY,SEMICONDUCTOR AND RELATED DEVICE MANUFACTURING.
110000462543,AIRS/AFS,4815700017,AIR MAJOR,334413,PRIMARY,SEMICONDUCTOR AND RELATED DEVICE MANUFACTURING.
110000464587,OSHA-OIS,340789650,OSHA ESTABLISHMENT,334413,PRIMARY,SEMICONDUCTOR AND RELATED DEVICE MANUFACTURING.
110000464890,RCRAINFO,TXD988064564,UNSPECIFIED UNIVERSE,334413,PRIMARY,SEMICONDUCTOR AND RELATED DEVICE MANUFACTURING.
110000464890,AIRS/AFS,4802900176,AIR MINOR,334413,PRIMARY,SEMICONDUCTOR AND RELATED DEVICE MANUFACTURING.
110000464890,RCRAINFO,TXD980627111,UNSPECIFIED UNIVERSE,334413,PRIMARY,SEMICONDUCTOR AND RELATED DEVICE MANUFACTURING.
110000464890,TRIS,78245DVNCD8611M,TRI REPORTER,334413,PRIMARY,SEMICONDUCTOR AND RELATED DEVICE MANUFACTURING.
110000464890,AIR,TX0000004802900176,AIR MINOR,334413,PRIMARY,SEMICONDUCTOR AND RELATED DEVICE MANUFACTURING.
110000464907,TRIS,78251VLSTC9651W,TRI REPORTER,334413,PRIMARY,SEMICONDUCTOR AND RELATED DEVICE MANUFACTURING.
110000464907,E-GGRT,1010005,GREENHOUSE GAS REPORTER,334413,PRIMARY,SEMICONDUCTOR AND RELATED DEVICE MANUFACTURING.
110000464907,RCRAINFO,TXD982284382,LQG,334413,PRIMARY,SEMICONDUCTOR AND RELATED DEVICE MANUFACTURING.
110000464907,EIS,2859911,AIR EMISSIONS CLASSIFICATION UNKNOWN,334413,PRIMARY,SEMICONDUCTOR AND RELATED DEVICE MANUFACTURING.
110000464907,TX-TCEQ ACR,RN100579069,STATE MASTER,334413,PRIMARY,SEMICONDUCTOR AND RELATED DEVICE MANUFACTURING.
110000465354,RCRAINFO,TXD160825428,UNSPECIFIED UNIVERSE,334413,PRIMARY,SEMICONDUCTOR AND RELATED DEVICE MANUFACTURING.
110000465354,TX-TCEQ ACR,RN100651082,STATE MASTER,334413,PRIMARY,SEMICONDUCTOR AND RELATED DEVICE MANUFACTURING.
110000465354,TRIS,78664CYPRS17CYP,TRI REPORTER,334413,PRIMARY,SEMICONDUCTOR AND RELATED DEVICE MANUFACTURING.
110000465354,EIS,5127911,AIR EMISSIONS CLASSIFICATION UNKNOWN,334413,PRIMARY,SEMICONDUCTOR AND RELATED DEVICE MANUFACTURING.
110000465425,RCRAINFO,TXD069450997,LQG,334413,PRIMARY,SEMICONDUCTOR AND RELATED DEVICE MANUFACTURING.
110000465425,TX-TCEQ ACR,RN100843747,STATE MASTER,334413,PRIMARY,SEMICONDUCTOR AND RELATED DEVICE MANUFACTURING.
110000465425,E-GGRT,1010066,GREENHOUSE GAS REPORTER,334413,PRIMARY,SEMICONDUCTOR AND RELATED DEVICE MANUFACTURING.
110000465425,EIS,5678711,HAZARDOUS AIR POLLUTANT MAJOR,334413,PRIMARY,SEMICONDUCTOR AND RELATED DEVICE MANUFACTURING.
110000465425,AIRS/AFS,4845300025,AIR MINOR,334413,PRIMARY,SEMICONDUCTOR AND RELATED DEVICE MANUFACTURING.
110000465425,AIR,TX0000004845300025,AIR MAJOR,334413,PRIMARY,SEMICONDUCTOR AND RELATED DEVICE MANUFACTURING.
110000465425,TRIS,78721MTRLN3501E,TRI REPORTER,334413,PRIMARY,SEMICONDUCTOR AND RELATED DEVICE MANUFACTURING.
110000465489,TX-TCEQ ACR,RN100723741,STATE MASTER,334413,PRIMARY,SEMICONDUCTOR AND RELATED DEVICE MANUFACTURING.
110000465489,EIS,6478211,HAZARDOUS AIR POLLUTANT MAJOR,334413,PRIMARY,SEMICONDUCTOR AND RELATED DEVICE MANUFACTURING.
110000465489,AIR,TX0000004845300055,AIR MINOR,334413,PRIMARY,SEMICONDUCTOR AND RELATED DEVICE MANUFACTURING.
110000465489,AIRS/AFS,4845300055,AIR MINOR,334413,PRIMARY,SEMICONDUCTOR AND RELATED DEVICE MANUFACTURING.
110000465489,RCRAINFO,TXR000054825,LQG,334413,PRIMARY,SEMICONDUCTOR AND RELATED DEVICE MANUFACTURING.
110000465489,TRIS,78741DVNCD5204E,TRI REPORTER,334413,PRIMARY,SEMICONDUCTOR AND RELATED DEVICE MANUFACTURING.
110000465531,RCRAINFO,TXR000018853,LQG,334413,PRIMARY,SEMICONDUCTOR AND RELATED DEVICE MANUFACTURING.
110000465531,OSHA-OIS,340481621,OSHA ESTABLISHMENT,334413,PRIMARY,SEMICONDUCTOR AND RELATED DEVICE MANUFACTURING.
110000465531,E-GGRT,1009872,GREENHOUSE GAS REPORTER,334413,PRIMARY,SEMICONDUCTOR AND RELATED DEVICE MANUFACTURING.
110000465531,OSHA-OIS,343190955,OSHA ESTABLISHMENT,334413,PRIMARY,SEMICONDUCTOR AND RELATED DEVICE MANUFACTURING.
110000465531,TRIS,78754SMSNG12100,TRI REPORTER,334413,PRIMARY,SEMICONDUCTOR AND RELATED DEVICE MANUFACTURING.
110000465531,AIRS/AFS,4845300072,AIR MAJOR,334413,PRIMARY,SEMICONDUCTOR AND RELATED DEVICE MANUFACTURING.
110000465531,TX-TCEQ ACR,RN100518026,STATE MASTER,334413,PRIMARY,SEMICONDUCTOR AND RELATED DEVICE MANUFACTURING.
110000465531,OSHA-OIS,341977916,OSHA ESTABLISHMENT,334413,PRIMARY,SEMICONDUCTOR AND RELATED DEVICE MANUFACTURING.
110000465531,AIR,TX0000004845300072,AIR MAJOR,334413,PRIMARY,SEMICONDUCTOR AND RELATED DEVICE MANUFACTURING.
110000465531,RMP,100000027455,RMP REPORTER,334413,UNKNOWN,SEMICONDUCTOR AND RELATED DEVICE MANUFACTURING.
110000465915,TRIS,79415TXSNS2301N,TRI REPORTER,334413,PRIMARY,SEMICONDUCTOR AND RELATED DEVICE MANUFACTURING.
110000465915,TX-TCEQ ACR,RN100646447,STATE MASTER,334413,PRIMARY,SEMICONDUCTOR AND RELATED DEVICE MANUFACTURING.
110000465915,E-GGRT,1009738,GREENHOUSE GAS REPORTER,334413,PRIMARY,SEMICONDUCTOR AND RELATED DEVICE MANUFACTURING.
110000465915,RCRAINFO,TXD061555611,LQG,334413,PRIMARY,SEMICONDUCTOR AND RELATED DEVICE MANUFACTURING.
110000465915,EIS,6891111,AIR EMISSIONS CLASSIFICATION UNKNOWN,334413,PRIMARY,SEMICONDUCTOR AND RELATED DEVICE MANUFACTURING.
110000495036,AIRS/AFS,4811300379,AIR MINOR,334413,PRIMARY,SEMICONDUCTOR AND RELATED DEVICE MANUFACTURING.
110000495036,AIR,TX0000004811300379,AIR MINOR,334413,PRIMARY,SEMICONDUCTOR AND RELATED DEVICE MANUFACTURING.
110000619796,TX-TCEQ ACR,RN100603935,STATE MASTER,334413,PRIMARY,SEMICONDUCTOR AND RELATED DEVICE MANUFACTURING.
110000619796,RCRAINFO,TXD982551806,VSQG,334413,PRIMARY,SEMICONDUCTOR AND RELATED DEVICE MANUFACTURING.
110000744482,RCRAINFO,TXR000006478,UNSPECIFIED UNIVERSE,334413,PRIMARY,SEMICONDUCTOR AND RELATED DEVICE MANUFACTURING.
110000744482,TRIS,75090MMCST6416U,TRI REPORTER,334413,PRIMARY,SEMICONDUCTOR AND RELATED DEVICE MANUFACTURING.
110000744482,EIS,3669511,AIR EMISSIONS CLASSIFICATION UNKNOWN,334413,PRIMARY,SEMICONDUCTOR AND RELATED DEVICE MANUFACTURING.
110000824029,TX-TCEQ ACR,RN102065851,STATE MASTER,334413,PRIMARY,SEMICONDUCTOR AND RELATED DEVICE MANUFACTURING.
110000824029,RCRAINFO,TXD981057854,UNSPECIFIED UNIVERSE,334413,PRIMARY,SEMICONDUCTOR AND RELATED DEVICE MANUFACTURING.
110000825215,RCRAINFO,TXD988084539,UNSPECIFIED UNIVERSE,334413,PRIMARY,SEMICONDUCTOR AND RELATED DEVICE MANUFACTURING.
110000842492,RCRAINFO,TXD084281575,UNSPECIFIED UNIVERSE,334413,PRIMARY,SEMICONDUCTOR AND RELATED DEVICE MANUFACTURING.
110000860541,TRIS,75041SLCNM2613I,TRI REPORTER,334413,PRIMARY,SEMICONDUCTOR AND RELATED DEVICE MANUFACTURING.
110000874714,RCRAINFO,TXD982558710,LQG,334413,PRIMARY,SEMICONDUCTOR AND RELATED DEVICE MANUFACTURING.
110001870814,EIS,5841111,AIR EMISSIONS CLASSIFICATION UNKNOWN,334413,PRIMARY,SEMICONDUCTOR AND RELATED DEVICE MANUFACTURING.
110001870814,E-GGRT,1011813,GREENHOUSE GAS REPORTER,334413,PRIMARY,SEMICONDUCTOR AND RELATED DEVICE MANUFACTURING.
110001870814,AIR,TX0000004811300058,AIR MINOR,334413,PRIMARY,SEMICONDUCTOR AND RELATED DEVICE MANUFACTURING.
110001870814,TX-TCEQ ACR,RN100794015,STATE MASTER,334413,PRIMARY,SEMICONDUCTOR AND RELATED DEVICE MANUFACTURING.
110001870814,RCRAINFO,TXR000009266,LQG,334413,PRIMARY,SEMICONDUCTOR AND RELATED DEVICE MANUFACTURING.
110001870814,TRIS,75080TWNST500WE,TRI REPORTER,334413,PRIMARY,SEMICONDUCTOR AND RELATED DEVICE MANUFACTURING.
110001870814,AIRS/AFS,4811300058,AIR MINOR,334413,PRIMARY,SEMICONDUCTOR AND RELATED DEVICE MANUFACTURING.
110001880073,RCRAINFO,TXD007352982,UNSPECIFIED UNIVERSE,334413,PRIMARY,SEMICONDUCTOR AND RELATED DEVICE MANUFACTURING.
110001880073,TX-TCEQ ACR,RN100768985,STATE MASTER,334413,PRIMARY,SEMICONDUCTOR AND RELATED DEVICE MANUFACTURING.
110002052867,RMP,100000172822,RMP REPORTER,334413,UNKNOWN,SEMICONDUCTOR AND RELATED DEVICE MANUFACTURING.
110002052867,TRIS,75002KMTCN301RI,TRI REPORTER,334413,PRIMARY,SEMICONDUCTOR AND RELATED DEVICE MANUFACTURING.
110002052867,EIS,5840711,AIR EMISSIONS CLASSIFICATION UNKNOWN,334413,PRIMARY,SEMICONDUCTOR AND RELATED DEVICE MANUFACTURING.
110002130818,RCRAINFO,TXD092408210,UNSPECIFIED UNIVERSE,334413,PRIMARY,SEMICONDUCTOR AND RELATED DEVICE MANUFACTURING.
110002130818,TRIS,75016HTCHS1505W,TRI REPORTER,334413,PRIMARY,SEMICONDUCTOR AND RELATED DEVICE MANUFACTURING.
110002130881,TRIS,75040VRQLT1000N,TRI REPORTER,334413,PRIMARY,SEMICONDUCTOR AND RELATED DEVICE MANUFACTURING.
110002130890,RCRAINFO,TXD055318273,UNSPECIFIED UNIVERSE,334413,PRIMARY,SEMICONDUCTOR AND RELATED DEVICE MANUFACTURING.
110002130961,RCRAINFO,TXD980867980,UNSPECIFIED UNIVERSE,334413,PRIMARY,SEMICONDUCTOR AND RELATED DEVICE MANUFACTURING.
110002130961,TRIS,75042TXSPT714SH,TRI REPORTER,334413,PRIMARY,SEMICONDUCTOR AND RELATED DEVICE MANUFACTURING.
110002130961,TX-TCEQ ACR,RN101445153,STATE MASTER,334413,PRIMARY,SEMICONDUCTOR AND RELATED DEVICE MANUFACTURING.
110002131835,TX-TCEQ ACR,RN103871067,STATE MASTER,334413,PRIMARY,SEMICONDUCTOR AND RELATED DEVICE MANUFACTURING.
110002131835,AIRS/AFS,4811300847,AIR MINOR,334413,PRIMARY,SEMICONDUCTOR AND RELATED DEVICE MANUFACTURING.
110002131835,RCRAINFO,TXR000026724,LQG,334413,PRIMARY,SEMICONDUCTOR AND RELATED DEVICE MANUFACTURING.
110002131835,TRIS,75243DRSNF13532,TRI REPORTER,334413,PRIMARY,SEMICONDUCTOR AND RELATED DEVICE MANUFACTURING.
110002131835,TX-TCEQ ACR,RN100857739,STATE MASTER,334413,PRIMARY,SEMICONDUCTOR AND RELATED DEVICE MANUFACTURING.
110002131835,AIR,TX0000004811300847,AIR MINOR,334413,PRIMARY,SEMICONDUCTOR AND RELATED DEVICE MANUFACTURING.
110002131844,AIRS/AFS,4811300416,AIR MINOR,334413,PRIMARY,SEMICONDUCTOR AND RELATED DEVICE MANUFACTURING.
110002131844,TRIS,75243TXSNS8505F,TRI REPORTER,334413,PRIMARY,SEMICONDUCTOR AND RELATED DEVICE MANUFACTURING.
110002131844,AIR,TX0000004811300416,AIR MINOR,334413,PRIMARY,SEMICONDUCTOR AND RELATED DEVICE MANUFACTURING.
110002134789,RCRAINFO,TXD066419102,UNSPECIFIED UNIVERSE,334413,PRIMARY,SEMICONDUCTOR AND RELATED DEVICE MANUFACTURING.
110002134789,TRIS,78410LMBDS121IN,TRI REPORTER,334413,PRIMARY,SEMICONDUCTOR AND RELATED DEVICE MANUFACTURING.
110002151411,TRIS,75244DLLSS4350B,TRI REPORTER,334413,PRIMARY,SEMICONDUCTOR AND RELATED DEVICE MANUFACTURING.
110002151411,RCRAINFO,TXD095436747,SQG,334413,PRIMARY,SEMICONDUCTOR AND RELATED DEVICE MANUFACTURING.
110002151411,TX-TCEQ ACR,RN102595816,STATE MASTER,334413,PRIMARY,SEMICONDUCTOR AND RELATED DEVICE MANUFACTURING.
110002343161,TX-TCEQ ACR,RN103772034,STATE MASTER,334413,PRIMARY,SEMICONDUCTOR AND RELATED DEVICE MANUFACTURING.
110002345132,RCRAINFO,TXD980878722,UNSPECIFIED UNIVERSE,334413,PRIMARY,SEMICONDUCTOR AND RELATED DEVICE MANUFACTURING.
110002345230,TX-TCEQ ACR,RN101466324,STATE MASTER,334413,PRIMARY,SEMICONDUCTOR AND RELATED DEVICE MANUFACTURING.
110002345230,AIRS/AFS,4843900487,AIR MINOR,334413,PRIMARY,SEMICONDUCTOR AND RELATED DEVICE MANUFACTURING.
110002345230,AIR,TX0000004843900487,AIR MINOR,334413,PRIMARY,SEMICONDUCTOR AND RELATED DEVICE MANUFACTURING.
110002345230,TRIS,76017NTNLS1111W,TRI REPORTER,334413,PRIMARY,SEMICONDUCTOR AND RELATED DEVICE MANUFACTURING.
110002345230,RCRAINFO,TXD000742270,UNSPECIFIED UNIVERSE,334413,PRIMARY,SEMICONDUCTOR AND RELATED DEVICE MANUFACTURING.
110002345230,EIS,6509311,HAZARDOUS AIR POLLUTANT MAJOR,334413,PRIMARY,SEMICONDUCTOR AND RELATED DEVICE MANUFACTURING.
110002346239,TRIS,75090TXSNS6400H,TRI REPORTER,334413,PRIMARY,SEMICONDUCTOR AND RELATED DEVICE MANUFACTURING.
110002346239,AIRS/AFS,4818100044,AIR MINOR,334413,PRIMARY,SEMICONDUCTOR AND RELATED DEVICE MANUFACTURING.
110002346239,AIR,TX0000004818100044,AIR MAJOR,334413,PRIMARY,SEMICONDUCTOR AND RELATED DEVICE MANUFACTURING.
110002346239,EIS,4019911,AIR EMISSIONS CLASSIFICATION UNKNOWN,334413,PRIMARY,SEMICONDUCTOR AND RELATED DEVICE MANUFACTURING.
110002346239,TX-TCEQ ACR,RN103064853,STATE MASTER,334413,PRIMARY,SEMICONDUCTOR AND RELATED DEVICE MANUFACTURING.
110002346453,TX-TCEQ ACR,RN102067691,STATE MASTER,334413,PRIMARY,SEMICONDUCTOR AND RELATED DEVICE MANUFACTURING.
110002346453,RCRAINFO,TXD981056104,VSQG,334413,PRIMARY,SEMICONDUCTOR AND RELATED DEVICE MANUFACTURING.
110005014947,RCRAINFO,TX0000198135,UNSPECIFIED UNIVERSE,334413,PRIMARY,SEMICONDUCTOR AND RELATED DEVICE MANUFACTURING.
110005032623,RCRAINFO,TXD006771182,UNSPECIFIED UNIVERSE,334413,PRIMARY,SEMICONDUCTOR AND RELATED DEVICE MANUFACTURING.
110005033935,TX-TCEQ ACR,RN100677301,STATE MASTER,334413,PRIMARY,SEMICONDUCTOR AND RELATED DEVICE MANUFACTURING.
110005033935,RCRAINFO,TXD007344898,UNSPECIFIED UNIVERSE,334413,PRIMARY,SEMICONDUCTOR AND RELATED DEVICE MANUFACTURING.
110005045780,RCRAINFO,TXD028674380,UNSPECIFIED UNIVERSE,334413,PRIMARY,SEMICONDUCTOR AND RELATED DEVICE MANUFACTURING.
110005046226,RCRAINFO,TXD033536491,UNSPECIFIED UNIVERSE,334413,PRIMARY,SEMICONDUCTOR AND RELATED DEVICE MANUFACTURING.
110005049802,RCRAINFO,TXD047837828,UNSPECIFIED UNIVERSE,334413,PRIMARY,SEMICONDUCTOR AND RELATED DEVICE MANUFACTURING.
110005050951,RCRAINFO,TXD050854041,UNSPECIFIED UNIVERSE,334413,PRIMARY,SEMICONDUCTOR AND RELATED DEVICE MANUFACTURING.
110005053100,RCRAINFO,TXD055123277,UNSPECIFIED UNIVERSE,334413,PRIMARY,SEMICONDUCTOR AND RELATED DEVICE MANUFACTURING.
110005053949,TX-TCEQ ACR,RN100698620,STATE MASTER,334413,PRIMARY,SEMICONDUCTOR AND RELATED DEVICE MANUFACTURING.
110005053949,TRIS,75040MCRPC905EW,TRI REPORTER,334413,PRIMARY,SEMICONDUCTOR AND RELATED DEVICE MANUFACTURING.
110005053949,EIS,4607611,AIR EMISSIONS CLASSIFICATION UNKNOWN,334413,PRIMARY,SEMICONDUCTOR AND RELATED DEVICE MANUFACTURING.
110005053949,RCRAINFO,TXD056367113,SQG,334413,PRIMARY,SEMICONDUCTOR AND RELATED DEVICE MANUFACTURING.
110005058043,RCRAINFO,TXD007321904,LQG,334413,PRIMARY,SEMICONDUCTOR AND RELATED DEVICE MANUFACTURING.
110005058043,TRIS,75243TXSNS13500,TRI REPORTER,334413,PRIMARY,SEMICONDUCTOR AND RELATED DEVICE MANUFACTURING.
110005058043,E-GGRT,1003945,GREENHOUSE GAS REPORTER,334413,PRIMARY,SEMICONDUCTOR AND RELATED DEVICE MANUFACTURING.
110005058043,EIS,6476311,HAZARDOUS AIR POLLUTANT MAJOR,334413,PRIMARY,SEMICONDUCTOR AND RELATED DEVICE MANUFACTURING.
110005058043,AIR,TX0000004811300006,AIR MAJOR,334413,PRIMARY,SEMICONDUCTOR AND RELATED DEVICE MANUFACTURING.
110005058043,RCRAINFO,TXD066333386,LQG,334413,PRIMARY,SEMICONDUCTOR AND RELATED DEVICE MANUFACTURING.
110005058043,TX-TCEQ ACR,RN102505195,STATE MASTER,334413,PRIMARY,SEMICONDUCTOR AND RELATED DEVICE MANUFACTURING.
110005058043,AIRS/AFS,4811300006,AIR MAJOR,334413,PRIMARY,SEMICONDUCTOR AND RELATED DEVICE MANUFACTURING.
110005062074,RCRAINFO,TXD076705961,UNSPECIFIED UNIVERSE,334413,PRIMARY,SEMICONDUCTOR AND RELATED DEVICE MANUFACTURING.
110005063876,RCRAINFO,TXD080277148,UNSPECIFIED UNIVERSE,334413,PRIMARY,SEMICONDUCTOR AND RELATED DEVICE MANUFACTURING.
110005063876,TRIS,78758STKTK8900S,TRI REPORTER,334413,PRIMARY,SEMICONDUCTOR AND RELATED DEVICE MANUFACTURING.
110005067140,RCRAINFO,TXD093743334,UNSPECIFIED UNIVERSE,334413,PRIMARY,SEMICONDUCTOR AND RELATED DEVICE MANUFACTURING.
110005071750,TX-TCEQ ACR,RN100568344,STATE MASTER,334413,PRIMARY,SEMICONDUCTOR AND RELATED DEVICE MANUFACTURING.
110005082800,RCRAINFO,TXD981052384,UNSPECIFIED UNIVERSE,334413,PRIMARY,SEMICONDUCTOR AND RELATED DEVICE MANUFACTURING.
110005083596,RCRAINFO,TXD981055601,UNSPECIFIED UNIVERSE,334413,PRIMARY,SEMICONDUCTOR AND RELATED DEVICE MANUFACTURING.
110005083952,RCRAINFO,TXD981056864,UNSPECIFIED UNIVERSE,334413,PRIMARY,SEMICONDUCTOR AND RELATED DEVICE MANUFACTURING.
110005087930,RCRAINFO,TXD981153034,UNSPECIFIED UNIVERSE,334413,PRIMARY,SEMICONDUCTOR AND RELATED DEVICE MANUFACTURING.
110005090855,RCRAINFO,TXD981586373,UNSPECIFIED UNIVERSE,334413,PRIMARY,SEMICONDUCTOR AND RELATED DEVICE MANUFACTURING.
110005106777,RCRAINFO,TXD982550287,UNSPECIFIED UNIVERSE,334413,PRIMARY,SEMICONDUCTOR AND RELATED DEVICE MANUFACTURING.
110005106777,TX-TCEQ ACR,RN103791745,STATE MASTER,334413,PRIMARY,SEMICONDUCTOR AND RELATED DEVICE MANUFACTURING.
110005121750,RCRAINFO,TXD987997319,UNSPECIFIED UNIVERSE,334413,PRIMARY,SEMICONDUCTOR AND RELATED DEVICE MANUFACTURING.
110005122848,RCRAINFO,TXD988001137,UNSPECIFIED UNIVERSE,334413,PRIMARY,SEMICONDUCTOR AND RELATED DEVICE MANUFACTURING.
110005128361,RCRAINFO,TXD988026811,LQG,334413,PRIMARY,SEMICONDUCTOR AND RELATED DEVICE MANUFACTURING.
110005142862,RCRAINFO,TXD988052783,UNSPECIFIED UNIVERSE,334413,PRIMARY,SEMICONDUCTOR AND RELATED DEVICE MANUFACTURING.
110005142862,TX-TCEQ ACR,RN100658285,STATE MASTER,334413,PRIMARY,SEMICONDUCTOR AND RELATED DEVICE MANUFACTURING.
110005169833,RCRAINFO,TXR000010447,UNSPECIFIED UNIVERSE,334413,PRIMARY,SEMICONDUCTOR AND RELATED DEVICE MANUFACTURING.
110005178538,RCRAINFO,TXR000022541,TRANSPORTER,334413,PRIMARY,SEMICONDUCTOR AND RELATED DEVICE MANUFACTURING.
110005178538,TX-TCEQ ACR,RN100615921,STATE MASTER,334413,PRIMARY,SEMICONDUCTOR AND RELATED DEVICE MANUFACTURING.
110005179644,RCRAINFO,TXR000024158,UNSPECIFIED UNIVERSE,334413,PRIMARY,SEMICONDUCTOR AND RELATED DEVICE MANUFACTURING.
110005184816,RCRAINFO,TXR000031534,UNSPECIFIED UNIVERSE,334413,PRIMARY,SEMICONDUCTOR AND RELATED DEVICE MANUFACTURING.
110005184816,TX-TCEQ ACR,RN101474377,STATE MASTER,334413,PRIMARY,SEMICONDUCTOR AND RELATED DEVICE MANUFACTURING.
110005184825,OSHA-OIS,339868721,OSHA ESTABLISHMENT,334413,PRIMARY,SEMICONDUCTOR AND RELATED DEVICE MANUFACTURING.
110005184825,OSHA-OIS,339868390,OSHA ESTABLISHMENT,334413,PRIMARY,SEMICONDUCTOR AND RELATED DEVICE MANUFACTURING.
110006453006,TX-TCEQ ACR,RN100616069,STATE MASTER,334413,PRIMARY,SEMICONDUCTOR AND RELATED DEVICE MANUFACTURING.
110006533652,AIRS/AFS,481136E315,AIR MINOR,334413,PRIMARY,SEMICONDUCTOR AND RELATED DEVICE MANUFACTURING.
110006840115,TX-TCEQ ACR,RN102157328,STATE MASTER,334413,PRIMARY,SEMICONDUCTOR AND RELATED DEVICE MANUFACTURING.
110006840115,RCRAINFO,TXD982306342,UNSPECIFIED UNIVERSE,334413,PRIMARY,SEMICONDUCTOR AND RELATED DEVICE MANUFACTURING.
110006840115,TRIS,75020TXSNSGRAYS,TRI REPORTER,334413,PRIMARY,SEMICONDUCTOR AND RELATED DEVICE MANUFACTURING.
110008154120,RCRAINFO,TXD980870521,UNSPECIFIED UNIVERSE,334413,PRIMARY,SEMICONDUCTOR AND RELATED DEVICE MANUFACTURING.
110008158288,RCRAINFO,TXD982551210,UNSPECIFIED UNIVERSE,334413,PRIMARY,SEMICONDUCTOR AND RELATED DEVICE MANUFACTURING.
110012183546,TX-TCEQ ACR,RN100674571,STATE MASTER,334413,PRIMARY,SEMICONDUCTOR AND RELATED DEVICE MANUFACTURING.
110012183546,RCRAINFO,TXR000043117,LQG,334413,PRIMARY,SEMICONDUCTOR AND RELATED DEVICE MANUFACTURING.
110012255380,RCRAINFO,TXR000042176,UNSPECIFIED UNIVERSE,334413,PRIMARY,SEMICONDUCTOR AND RELATED DEVICE MANUFACTURING.
110012487629,TRIS,75038TCCRL1801H,TRI REPORTER,334413,PRIMARY,SEMICONDUCTOR AND RELATED DEVICE MANUFACTURING.
110012487629,RCRAINFO,TXD988024170,UNSPECIFIED UNIVERSE,334413,PRIMARY,SEMICONDUCTOR AND RELATED DEVICE MANUFACTURING.
110012487629,TX-TCEQ ACR,RN102198868,STATE MASTER,334413,PRIMARY,SEMICONDUCTOR AND RELATED DEVICE MANUFACTURING.
110012487629,TX-TCEQ ACR,RN100661636,STATE MASTER,334413,PRIMARY,SEMICONDUCTOR AND RELATED DEVICE MANUFACTURING.
110012487629,RCRAINFO,TXD007359524,UNSPECIFIED UNIVERSE,334413,PRIMARY,SEMICONDUCTOR AND RELATED DEVICE MANUFACTURING.
110012487629,EIS,4589211,AIR EMISSIONS CLASSIFICATION UNKNOWN,334413,PRIMARY,SEMICONDUCTOR AND RELATED DEVICE MANUFACTURING.
110012489850,EIS,4162111,HAZARDOUS AIR POLLUTANT MAJOR,334413,PRIMARY,SEMICONDUCTOR AND RELATED DEVICE MANUFACTURING.
110012489850,RCRAINFO,TXD982758641,UNSPECIFIED UNIVERSE,334413,PRIMARY,SEMICONDUCTOR AND RELATED DEVICE MANUFACTURING.
110012489850,TRIS,75006PTKTC1215W,TRI REPORTER,334413,PRIMARY,SEMICONDUCTOR AND RELATED DEVICE MANUFACTURING.
110017299145,AIRS/AFS,4811300223,AIR MINOR,334413,PRIMARY,SEMICONDUCTOR AND RELATED DEVICE MANUFACTURING.
110017299145,EIS,4146411,HAZARDOUS AIR POLLUTANT MAJOR,334413,PRIMARY,SEMICONDUCTOR AND RELATED DEVICE MANUFACTURING.
110017299145,TRIS,75006SGSTH1310E,TRI REPORTER,334413,PRIMARY,SEMICONDUCTOR AND RELATED DEVICE MANUFACTURING.
110017299145,TX-TCEQ ACR,RN100649011,STATE MASTER,334413,PRIMARY,SEMICONDUCTOR AND RELATED DEVICE MANUFACTURING.
110017299145,RCRAINFO,TXD047830443,LQG,334413,PRIMARY,SEMICONDUCTOR AND RELATED DEVICE MANUFACTURING.
110017299145,AIR,TX0000004811300223,AIR MINOR,334413,PRIMARY,SEMICONDUCTOR AND RELATED DEVICE MANUFACTURING.
110021017656,RCRAINFO,TXR000062505,VSQG,334413,PRIMARY,SEMICONDUCTOR AND RELATED DEVICE MANUFACTURING.
110021017656,TX-TCEQ ACR,RN105175012,STATE MASTER,334413,PRIMARY,SEMICONDUCTOR AND RELATED DEVICE MANUFACTURING.
110021085172,EIS,5779511,HAZARDOUS AIR POLLUTANT MAJOR,334413,PRIMARY,SEMICONDUCTOR AND RELATED DEVICE MANUFACTURING.
110021149988,EIS,5679811,HAZARDOUS AIR POLLUTANT MAJOR,334413,PRIMARY,SEMICONDUCTOR AND RELATED DEVICE MANUFACTURING.
110022435836,TX-TCEQ ACR,RN104566161,STATE MASTER,334413,PRIMARY,SEMICONDUCTOR AND RELATED DEVICE MANUFACTURING.
110022435836,TRIS,7508WTXSNS3WEST,TRI REPORTER,334413,PRIMARY,SEMICONDUCTOR AND RELATED DEVICE MANUFACTURING.
110022435836,RMP,100000219747,RMP REPORTER,334413,UNKNOWN,SEMICONDUCTOR AND RELATED DEVICE MANUFACTURING.
110022435836,RCRAINFO,TXR000063891,LQG,334413,PRIMARY,SEMICONDUCTOR AND RELATED DEVICE MANUFACTURING.
110022435836,ICIS,3601299807,ENFORCEMENT/COMPLIANCE ACTIVITY,334413,PRIMARY,SEMICONDUCTOR AND RELATED DEVICE MANUFACTURING.
110022435836,ICIS,3601299807,FORMAL ENFORCEMENT ACTION,334413,PRIMARY,SEMICONDUCTOR AND RELATED DEVICE MANUFACTURING.
110022435836,E-GGRT,1008059,GREENHOUSE GAS REPORTER,334413,PRIMARY,SEMICONDUCTOR AND RELATED DEVICE MANUFACTURING.
110022478950,TX-TCEQ ACR,RN104758693,STATE MASTER,334413,PRIMARY,SEMICONDUCTOR AND RELATED DEVICE MANUFACTURING.
110022478950,RCRAINFO,TXR000064469,UNSPECIFIED UNIVERSE,334413,PRIMARY,SEMICONDUCTOR AND RELATED DEVICE MANUFACTURING.
110033245502,TX-TCEQ ACR,RN103934022,STATE MASTER,334413,PRIMARY,SEMICONDUCTOR AND RELATED DEVICE MANUFACTURING.
110033348624,TX-TCEQ ACR,RN101135440,STATE MASTER,334413,PRIMARY,SEMICONDUCTOR AND RELATED DEVICE MANUFACTURING.
110033511439,TX-TCEQ ACR,RN104883327,STATE MASTER,334413,PRIMARY,SEMICONDUCTOR AND RELATED DEVICE MANUFACTURING.
110033906138,TX-TCEQ ACR,RN104261367,STATE MASTER,334413,PRIMARY,SEMICONDUCTOR AND RELATED DEVICE MANUFACTURING.
110034018943,RCRAINFO,TXD980870356,LQG,334413,PRIMARY,SEMICONDUCTOR AND RELATED DEVICE MANUFACTURING.
110034018943,TRIS,78735MTRLN6501W,TRI REPORTER,334413,PRIMARY,SEMICONDUCTOR AND RELATED DEVICE MANUFACTURING.
110034018943,TX-TCEQ ACR,RN102752763,STATE MASTER,334413,PRIMARY,SEMICONDUCTOR AND RELATED DEVICE MANUFACTURING.
110034018943,RCRAINFO,TXD980870356,TRANSPORTER,334413,PRIMARY,SEMICONDUCTOR AND RELATED DEVICE MANUFACTURING.
110034018943,E-GGRT,1010067,GREENHOUSE GAS REPORTER,334413,PRIMARY,SEMICONDUCTOR AND RELATED DEVICE MANUFACTURING.
110034300968,TX-TCEQ ACR,RN103178430,STATE MASTER,334413,PRIMARY,SEMICONDUCTOR AND RELATED DEVICE MANUFACTURING.
110034311661,TX-TCEQ ACR,RN102596780,STATE MASTER,334413,PRIMARY,SEMICONDUCTOR AND RELATED DEVICE MANUFACTURING.
110034885284,ICIS,1800007257,ENFORCEMENT/COMPLIANCE ACTIVITY,334413,PRIMARY,SEMICONDUCTOR AND RELATED DEVICE MANUFACTURING.
110034885284,AIRS/AFS,481136E374,AIR MINOR,334413,PRIMARY,SEMICONDUCTOR AND RELATED DEVICE MANUFACTURING.
110034885284,TX-TCEQ ACR,RN102050143,STATE MASTER,334413,PRIMARY,SEMICONDUCTOR AND RELATED DEVICE MANUFACTURING.
110034922172,TX-TCEQ ACR,RN102919214,STATE MASTER,334413,PRIMARY,SEMICONDUCTOR AND RELATED DEVICE MANUFACTURING.
110035067290,TX-TCEQ ACR,RN100715093,STATE MASTER,334413,PRIMARY,SEMICONDUCTOR AND RELATED DEVICE MANUFACTURING.
110035264200,TX-TCEQ ACR,RN100554070,STATE MASTER,334413,PRIMARY,SEMICONDUCTOR AND RELATED DEVICE MANUFACTURING.
110035404032,RCRAINFO,TXR000022970,UNSPECIFIED UNIVERSE,334413,PRIMARY,SEMICONDUCTOR AND RELATED DEVICE MANUFACTURING.
110037854569,TX-TCEQ ACR,RN102067683,STATE MASTER,334413,PRIMARY,SEMICONDUCTOR AND RELATED DEVICE MANUFACTURING.
110037854569,RCRAINFO,TXD049038201,LQG,334413,PRIMARY,SEMICONDUCTOR AND RELATED DEVICE MANUFACTURING.
110037908529,TX-TCEQ ACR,RN100558477,STATE MASTER,334413,PRIMARY,SEMICONDUCTOR AND RELATED DEVICE MANUFACTURING.
110038314482,TX-TCEQ ACR,RN105485296,STATE MASTER,334413,PRIMARY,SEMICONDUCTOR AND RELATED DEVICE MANUFACTURING.
110038314482,TX-TCEQ ACR,RN105726996,STATE MASTER,334413,PRIMARY,SEMICONDUCTOR AND RELATED DEVICE MANUFACTURING.
110039511267,AIRS/AFS,4811300846,AIR MINOR,334413,PRIMARY,SEMICONDUCTOR AND RELATED DEVICE MANUFACTURING.
110039511267,RCRAINFO,TXR000025437,UNSPECIFIED UNIVERSE,334413,PRIMARY,SEMICONDUCTOR AND RELATED DEVICE MANUFACTURING.
110039511267,AIR,TX0000004811300846,AIR MINOR,334413,PRIMARY,SEMICONDUCTOR AND RELATED DEVICE MANUFACTURING.
110039515664,RCRAINFO,TXD981907660,UNSPECIFIED UNIVERSE,334413,PRIMARY,SEMICONDUCTOR AND RELATED DEVICE MANUFACTURING.
110040936912,EIS,4852311,HAZARDOUS AIR POLLUTANT MAJOR,334413,PRIMARY,SEMICONDUCTOR AND RELATED DEVICE MANUFACTURING.
110041041324,TRIS,75243RYTHN13510,TRI REPORTER,334413,UNKNOWN,SEMICONDUCTOR AND RELATED DEVICE MANUFACTURING.
110041041324,EIS,4852111,HAZARDOUS AIR POLLUTANT MAJOR,334413,PRIMARY,SEMICONDUCTOR AND RELATED DEVICE MANUFACTURING.
110041041324,AIR,TX0000004811300842,AIR MINOR,334413,PRIMARY,SEMICONDUCTOR AND RELATED DEVICE MANUFACTURING.
110041041324,TX-TCEQ ACR,RN100224252,STATE MASTER,334413,PRIMARY,SEMICONDUCTOR AND RELATED DEVICE MANUFACTURING.
110041041324,AIRS/AFS,4811300842,AIR MINOR,334413,PRIMARY,SEMICONDUCTOR AND RELATED DEVICE MANUFACTURING.
110041041324,RCRAINFO,TXR000022582,UNSPECIFIED UNIVERSE,334413,PRIMARY,SEMICONDUCTOR AND RELATED DEVICE MANUFACTURING.
110041042555,EIS,4852611,HAZARDOUS AIR POLLUTANT MAJOR,334413,PRIMARY,SEMICONDUCTOR AND RELATED DEVICE MANUFACTURING.
110042011168,TRIS,75041NTCDV3414H,TRI REPORTER,334413,PRIMARY,SEMICONDUCTOR AND RELATED DEVICE MANUFACTURING.
110042011168,RCRAINFO,TXD981050578,UNSPECIFIED UNIVERSE,334413,PRIMARY,SEMICONDUCTOR AND RELATED DEVICE MANUFACTURING.
110059673900,RCRAINFO,TXR000081674,SQG,334413,PRIMARY,SEMICONDUCTOR AND RELATED DEVICE MANUFACTURING.
110059673900,TRIS,7823WMSSNS833SN,TRI REPORTER,334413,PRIMARY,SEMICONDUCTOR AND RELATED DEVICE MANUFACTURING.
110061585770,OSHA-OIS,340982032,OSHA ESTABLISHMENT,334413,PRIMARY,SEMICONDUCTOR AND RELATED DEVICE MANUFACTURING.
110064117290,RMP,100000183204,RMP REPORTER,334413,UNKNOWN,SEMICONDUCTOR AND RELATED DEVICE MANUFACTURING.
110064117290,RCRAINFO,TXR000012898,LQG,334413,PRIMARY,SEMICONDUCTOR AND RELATED DEVICE MANUFACTURING.
110064117290,TX-TCEQ ACR,RN100858299,STATE MASTER,334413,PRIMARY,SEMICONDUCTOR AND RELATED DEVICE MANUFACTURING.
110064117290,TRIS,75091MMCST6800H,TRI REPORTER,334413,PRIMARY,SEMICONDUCTOR AND RELATED DEVICE MANUFACTURING.
110064117307,AIR,TX0000004818100059,AIR MINOR,334413,PRIMARY,SEMICONDUCTOR AND RELATED DEVICE MANUFACTURING.
110064117307,AIRS/AFS,4818100059,AIR MINOR,334413,PRIMARY,SEMICONDUCTOR AND RELATED DEVICE MANUFACTURING.
110064117584,RCRAINFO,TXD006287015,VSQG,334413,PRIMARY,SEMICONDUCTOR AND RELATED DEVICE MANUFACTURING.
110064203598,TRIS,77477TXSNS12201,TRI REPORTER,334413,PRIMARY,SEMICONDUCTOR AND RELATED DEVICE MANUFACTURING.
110064203598,EIS,3968011,HAZARDOUS AIR POLLUTANT MAJOR,334413,PRIMARY,SEMICONDUCTOR AND RELATED DEVICE MANUFACTURING.
110069097765,MN-TEMPO,42585,STATE MASTER,334413,PRIMARY,SEMICONDUCTOR AND RELATED DEVICE MANUFACTURING.
110070059730,EIS,17730311,AIR EMISSIONS CLASSIFICATION UNKNOWN,334413,PRIMARY,SEMICONDUCTOR AND RELATED DEVICE MANUFACTURING.
110070082061,E-GGRT,1010134,GREENHOUSE GAS REPORTER,334413,PRIMARY,SEMICONDUCTOR AND RELATED DEVICE MANUFACTURING.
110070126452,RCRAINFO,TXR000084087,UNSPECIFIED UNIVERSE,334413,PRIMARY,SEMICONDUCTOR AND RELATED DEVICE MANUFACTURING.
110070126452,TRIS,7524WQRVTX4331I,TRI REPORTER,334413,PRIMARY,SEMICONDUCTOR AND RELATED DEVICE MANUFACTURING.
110070165138,TX-TCEQ ACR,RN100734169,STATE MASTER,334413,PRIMARY,SEMICONDUCTOR AND RELATED DEVICE MANUFACTURING.
110070165240,TX-TCEQ ACR,RN101057792,STATE MASTER,334413,PRIMARY,SEMICONDUCTOR AND RELATED DEVICE MANUFACTURING.
110070296222,OSHA-OIS,342191616,OSHA ESTABLISHMENT,334413,PRIMARY,SEMICONDUCTOR AND RELATED DEVICE MANUFACTURING.
110070334225,OSHA-OIS,341447555,OSHA ESTABLISHMENT,334413,PRIMARY,SEMICONDUCTOR AND RELATED DEVICE MANUFACTURING.
110070338037,OSHA-OIS,341211167,OSHA ESTABLISHMENT,334413,PRIMARY,SEMICONDUCTOR AND RELATED DEVICE MANUFACTURING.
110070339776,OSHA-OIS,341976009,OSHA ESTABLISHMENT,334413,PRIMARY,SEMICONDUCTOR AND RELATED DEVICE MANUFACTURING.
110070362458,TRIS,7500WRCTNT31RID,TRI REPORTER,334413,PRIMARY,SEMICONDUCTOR AND RELATED DEVICE MANUFACTURING.
110070454192,RMP,100000238762,RMP REPORTER,334413,UNKNOWN,SEMICONDUCTOR AND RELATED DEVICE MANUFACTURING.
110070550479,E-GGRT,1010141,GREENHOUSE GAS REPORTER,334413,PRIMARY,SEMICONDUCTOR AND RELATED DEVICE MANUFACTURING.
110070755373,EIS,4146511,HAZARDOUS AIR POLLUTANT MAJOR,334413,PRIMARY,SEMICONDUCTOR AND RELATED DEVICE MANUFACTURING.
110070801624,RCRAINFO,TXR000085228,LQG,334413,PRIMARY,SEMICONDUCTOR AND RELATED DEVICE MANUFACTURING.
110071140319,RCRAINFO,TXR000085551,SQG,334413,PRIMARY,SEMICONDUCTOR AND RELATED DEVICE MANUFACTURING.
110071241344,TRIS,7504WMCRPC1655S,TRI REPORTER,334413,PRIMARY,SEMICONDUCTOR AND RELATED DEVICE MANUFACTURING.
110071277377,RCRAINFO,TXR000086659,LQG,334413,PRIMARY,SEMICONDUCTOR AND RELATED DEVICE MANUFACTURING.
110071334322,RCRAINFO,TXR000085932,SQG,334413,PRIMARY,SEMICONDUCTOR AND RELATED DEVICE MANUFACTURING.
110071432324,RCRAINFO,TXR000086295,SQG,334413,PRIMARY,SEMICONDUCTOR AND RELATED DEVICE MANUFACTURING.
110071449866,AIR,TX0000004808500212,AIR MAJOR,334413,PRIMARY,SEMICONDUCTOR AND RELATED DEVICE MANUFACTURING.
110071674366,RCRAINFO,TXR000086438,VSQG,334413,PRIMARY,SEMICONDUCTOR AND RELATED DEVICE MANUFACTURING.
110071718165,EIS,9114511,AIR EMISSIONS CLASSIFICATION UNKNOWN,334413,PRIMARY,SEMICONDUCTOR AND RELATED DEVICE MANUFACTURING.
110071718578,EIS,4881511,HAZARDOUS AIR POLLUTANT MAJOR,334413,PRIMARY,SEMICONDUCTOR AND RELATED DEVICE MANUFACTURING.
110071956359,TRIS,7514WCNDNS3SKYB,TRI REPORTER,334413,PRIMARY,SEMICONDUCTOR AND RELATED DEVICE MANUFACTURING.
110072060799,RCRAINFO,TXR000087122,SQG,334413,PRIMARY,SEMICONDUCTOR AND RELATED DEVICE MANUFACTURING.
110072060931,RCRAINFO,TXR000086941,VSQG,334413,PRIMARY,SEMICONDUCTOR AND RELATED DEVICE MANUFACTURING.
110072061070,RCRAINFO,TXR000087163,LQG,334413,PRIMARY,SEMICONDUCTOR AND RELATED DEVICE MANUFACTURING.
110072061614,RCRAINFO,TXR000087233,UNSPECIFIED UNIVERSE,334413,PRIMARY,SEMICONDUCTOR AND RELATED DEVICE MANUFACTURING.
