county,region,population,demand_acft,supply_acft,deficit_acft,deficit_pct,severity_tier,data_centers,semi_fabs,total_facilities
ANDERSON,I,63746,16426,19183,0,0.0,None,0,0,0
ANDREWS,F,30111,31059,21424,10011,32.23,Severe,0,0,0
ANGELINA,I,110332,22485,39640,1924,8.56,Low,1,0,1
ARANSAS,N,25102,4048,4048,0,0.0,None,0,0,0
ARCHER,B,9960,5358,4963,1033,19.28,Moderate,0,0,0
ARMSTRONG,A,1911,7158,7350,0,0.0,None,0,0,0
ATASCOSA,L,75481,54513,61601,1110,2.04,Low,0,0,0
AUSTIN,H,50483,14663,13549,1114,7.6,Low,0,0,0
BAILEY,O,10880,68720,24379,45934,66.84,Critical,0,0,0
BANDERA,J,31742,4553,7219,519,11.4,Moderate,0,0,0
BASTROP,K,217608,55372,41273,15260,27.56,Severe,0,0,0
BAYLOR,B,3726,6822,7121,0,0.0,None,0,0,0
BEE,N,35545,12137,9722,2415,19.9,Moderate,0,0,0
BELL,G,560252,106665,107020,18118,16.99,Moderate,0,0,0
BEXAR,L,2695668,420879,360814,68266,16.22,Moderate,2,4,6
BLANCO,K,17672,3932,5283,60,1.53,Low,0,0,0
BORDEN,F,671,3793,3553,240,6.33,Low,0,0,0
BOSQUE,G,23747,13026,15288,2187,16.79,Moderate,0,0,0
BOWIE,D,103909,28751,11732,20710,72.03,Critical,0,0,0
BRAZORIA,H,519696,401947,329646,97964,24.37,Moderate,0,0,0
BRAZOS,G,401051,112051,100222,21470,19.16,Moderate,0,0,0
BREWSTER,E,10334,4952,7568,0,0.0,None,0,0,0
BRISCOE,O,1673,18540,14617,4234,22.84,Moderate,0,0,0
BROOKS,N,9181,3991,3580,411,10.3,Moderate,0,0,0
BROWN,F,40717,16683,14691,1992,11.94,Moderate,0,0,0
BURLESON,G,21735,32704,35434,385,1.18,Low,0,0,0
BURNET,K,82668,27378,27856,5300,19.36,Moderate,0,0,0
CALDWELL,L,78243,10998,12737,1367,12.43,Moderate,0,0,0
CALHOUN,L,32276,72429,69516,14088,19.45,Moderate,0,0,0
CALLAHAN,G,16351,3310,3628,298,9.0,Low,0,0,0
CAMERON,M,729461,610528,278622,333920,54.69,Critical,0,0,0
CAMP,D,17127,6939,4352,3962,57.1,Critical,0,0,0
CARSON,A,6632,90181,90140,581,0.64,Low,0,0,0
CASS,D,31229,38860,39670,2066,5.32,Low,0,0,0
CASTRO,O,10698,263929,62081,207865,78.76,Critical,0,0,0
CHAMBERS,H,68541,178873,204733,20320,11.36,Moderate,0,0,0
CHEROKEE,I,72560,16076,18966,236,1.47,Low,0,0,0
CHILDRESS,A,8001,16611,16820,0,0.0,None,0,0,0
CLAY,B,11503,5938,6596,17,0.29,Low,0,0,0
COCHRAN,O,3667,76915,55701,35349,45.96,Severe,0,0,0
COKE,F,3320,2024,1586,438,21.64,Moderate,0,0,0
COLEMAN,F,9307,2568,1251,1381,53.78,Critical,0,0,0
COLLIN,C,1807279,373126,233297,142013,38.06,Severe,2,15,17
COLLINGSWORTH,A,3653,39648,29495,10161,25.63,Severe,0,0,0
COLORADO,K,24582,176236,131773,45829,26.0,Severe,0,0,0
COMAL,L,276239,67595,44792,27434,40.59,Severe,0,0,0
COMANCHE,G,15974,37196,21723,15734,42.3,Severe,0,0,0
CONCHO,F,2852,6053,6104,0,0.0,None,0,0,0
COOKE,C,52427,10180,9876,447,4.39,Low,0,0,0
CORYELL,G,122101,20900,22625,4665,22.32,Moderate,0,0,0
COTTLE,B,1552,4844,5304,0,0.0,None,0,0,0
CRANE,F,6737,2967,2967,0,0.0,None,0,0,0
CROCKETT,F,4486,4066,6028,0,0.0,None,0,0,0
CROSBY,O,7850,87226,59943,28694,32.9,Severe,0,0,0
CULBERSON,E,3173,41695,37514,5858,14.05,Moderate,0,0,0
DALLAM,A,10650,236536,143156,93385,39.48,Severe,0,0,0
DALLAS,C,3429783,701225,539124,174502,24.89,Moderate,2,58,60
DAWSON,O,16440,96644,82349,15021,15.54,Moderate,0,0,0
DEAF SMITH,O,33554,159557,70345,90549,56.75,Critical,0,0,0
DELTA,D,5376,3590,10774,263,7.33,Low,0,0,0
DENTON,C,1584015,305248,188572,118823,38.93,Severe,2,2,4
DEWITT,L,22216,8424,8564,267,3.17,Low,0,0,0
DICKENS,O,2164,9817,11311,0,0.0,None,0,0,0
DIMMIT,L,12825,11540,4166,7393,64.06,Critical,0,0,0
DONLEY,A,3788,32667,32889,0,0.0,None,0,0,0
DUVAL,N,14644,8276,6849,1427,17.24,Moderate,0,0,0
EASTLAND,G,19732,9421,12361,471,5.0,Low,0,0,0
ECTOR,F,233048,49433,47604,3981,8.05,Low,1,0,1
EDWARDS,J,2123,1071,2431,153,14.29,Moderate,0,0,0
EL PASO,E,1296927,355288,281190,82882,23.33,Moderate,0,1,1
ELLIS,C,360584,73196,48613,24845,33.94,Severe,2,0,2
ERATH,G,54827,20108,23669,8,0.04,Low,0,0,0
FALLS,G,20126,13124,16555,188,1.43,Low,0,0,0
FANNIN,C,69328,22330,15714,7088,31.74,Severe,0,0,0
FAYETTE,K,37351,58668,55603,5080,8.66,Low,0,0,0
FISHER,G,4001,6288,6948,216,3.44,Low,0,0,0
FLOYD,O,7854,91611,70523,23187,25.31,Severe,0,0,0
FOARD,B,1401,3851,4126,0,0.0,None,0,0,0
FORT BEND,H,1421933,370907,346178,94382,25.45,Severe,1,4,5
FRANKLIN,D,12226,4434,8645,1804,40.69,Severe,0,0,0
FREESTONE,C,31142,45961,32404,14377,31.28,Severe,0,0,0
FRIO,L,24488,84710,84796,4673,5.52,Low,0,0,0
GAINES,O,36654,316356,152675,170448,53.88,Critical,0,0,0
GALVESTON,H,427547,136759,141144,18326,13.4,Moderate,0,0,0
GARZA,O,8166,11869,14494,0,0.0,None,0,0,0
GILLESPIE,K,32536,9570,11757,0,0.0,None,0,0,0
GLASSCOCK,F,1429,54794,54794,0,0.0,None,0,0,0
GOLIAD,L,10545,7417,32244,388,5.23,Low,0,0,0
GONZALES,L,28330,23697,31660,0,0.0,None,0,0,0
GRAY,A,34186,41330,40272,1384,3.35,Low,0,0,0
GRAYSON,C,178907,44867,42255,5050,11.26,Moderate,0,7,7
GREGG,D,176927,42288,71229,14,0.03,Low,0,1,1
GRIMES,G,36454,23516,29949,301,1.28,Low,0,0,0
GUADALUPE,L,315934,57475,59251,6552,11.4,Moderate,0,1,1
HALE,O,40307,260587,50981,216096,82.93,Critical,0,0,0
HALL,A,3487,32844,24560,8296,25.26,Severe,0,0,0
HAMILTON,G,8703,3221,4242,16,0.5,Low,0,0,0
HANSFORD,A,7017,178385,178027,409,0.23,Low,0,0,0
HARDEMAN,B,4507,14343,14405,23,0.16,Low,0,0,0
HARDIN,I,69560,7559,8479,0,0.0,None,0,0,0
HARRIS,H,5678242,1354397,1113111,397450,29.35,Severe,2,3,5
HARRISON,D,88474,64773,162895,1737,2.68,Low,1,0,1
HARTLEY,A,6950,294106,133960,160175,54.46,Critical,0,0,0
HASKELL,G,6064,57534,42265,15288,26.57,Severe,0,0,0
HAYS,K,474801,72555,57587,18751,25.84,Severe,0,0,0
HEMPHILL,A,5297,8819,9030,0,0.0,None,0,0,0
HENDERSON,C,116100,21283,22568,2455,11.54,Moderate,0,0,0
HIDALGO,M,1696257,909164,427569,481789,52.99,Critical,0,0,0
HILL,G,43643,13970,13807,4537,32.48,Severe,1,0,1
HOCKLEY,O,27888,88731,67052,27096,30.54,Severe,0,0,0
HOOD,G,84147,39749,47064,3160,7.95,Low,0,0,0
HOPKINS,D,46610,18837,17844,6311,33.5,Severe,0,0,0
HOUSTON,I,24260,8462,11518,0,0.0,None,0,0,0
HOWARD,F,39603,20193,19369,864,4.28,Low,0,0,0
HUDSPETH,E,4511,116996,128069,238,0.2,Low,0,0,0
HUNT,D,207929,33445,23369,13864,41.45,Severe,0,0,0
HUTCHINSON,A,23990,97248,97538,394,0.41,Low,0,0,0
IRION,F,1702,3483,3069,507,14.56,Moderate,0,0,0
JACK,C,11033,7681,6306,1614,21.01,Moderate,0,0,0
JACKSON,P,15515,93207,94083,0,0.0,None,0,0,0
JASPER,I,37849,72296,96177,8932,12.35,Moderate,0,0,0
JEFF DAVIS,E,2398,1664,2801,0,0.0,None,0,0,0
JEFFERSON,I,323802,394433,360840,149713,37.96,Severe,0,0,0
JIM HOGG,M,7274,1673,2549,0,0.0,None,0,0,0
JIM WELLS,N,55533,12409,9644,2765,22.28,Moderate,0,0,0
JOHNSON,G,258414,46182,43979,9866,21.36,Moderate,0,0,0
JONES,G,24312,7198,6728,954,13.25,Moderate,0,0,0
KARNES,L,15968,6494,6455,1457,22.44,Moderate,0,0,0
KAUFMAN,C,306833,53921,38048,16698,30.97,Severe,0,0,0
KENDALL,L,73308,12743,13216,1332,10.45,Moderate,0,0,0
KENEDY,N,507,1066,1058,8,0.75,Low,0,0,0
KENT,G,816,1499,2960,0,0.0,None,0,0,0
KERR,J,58665,9926,18303,348,3.51,Low,0,0,0
KIMBLE,F,4754,4544,2132,2412,53.08,Critical,0,0,0
KING,B,316,746,776,0,0.0,None,0,0,0
KINNEY,J,3720,5202,12959,27,0.52,Low,0,0,0
KLEBERG,N,45324,10360,10007,353,3.41,Low,0,0,0
KNOX,G,4183,39274,27284,11999,30.55,Severe,0,0,0
LA SALLE,L,9987,11326,8598,3538,31.24,Severe,0,0,0
LAMAR,D,57037,28765,63090,2309,8.03,Low,0,0,0
LAMB,O,15419,226485,44827,187208,82.66,Critical,0,0,0
LAMPASAS,G,27689,5916,4448,1725,29.16,Severe,0,0,0
LAVACA,P,19263,17079,19821,0,0.0,None,0,0,0
LEE,G,23375,5878,11950,13,0.22,Low,0,0,0
LEON,H,22071,8773,8630,143,1.63,Low,0,0,0
LIBERTY,H,118048,61332,68030,9977,16.27,Moderate,0,0,0
LIMESTONE,G,29134,38356,32222,8555,22.3,Moderate,0,0,0
LIPSCOMB,A,4211,43259,43132,241,0.56,Low,0,0,0
LIVE OAK,N,11690,7308,6745,563,7.7,Low,0,0,0
LLANO,K,22035,7908,11627,584,7.38,Low,0,0,0
LOVING,F,82,5441,3636,1805,33.17,Severe,0,0,0
LUBBOCK,O,414938,205899,147747,65459,31.79,Severe,0,1,1
LYNN,O,6594,90901,78629,12822,14.11,Moderate,0,0,0
MADISON,H,17872,5033,5202,0,0.0,None,0,0,0
MARION,D,10601,6057,10865,502,8.29,Low,0,0,0
MARTIN,F,6735,41125,41524,718,1.75,Low,0,0,0
MASON,F,4012,7140,6463,677,9.48,Low,0,0,0
MATAGORDA,K,43570,268426,164669,119568,44.54,Severe,0,0,0
MAVERICK,M,90304,72670,57334,15750,21.67,Moderate,0,0,0
MCCULLOCH,F,9125,11141,9852,1410,12.66,Moderate,0,0,0
MCLENNAN,G,307661,93029,115508,8554,9.19,Low,0,1,1
MCMULLEN,N,734,3295,3295,0,0.0,None,0,0,0
MEDINA,L,70896,73276,38181,38489,52.53,Critical,0,0,0
MENARD,F,2242,5204,5008,196,3.77,Low,0,0,0
MIDLAND,F,232357,67389,54638,12751,18.92,Moderate,0,1,1
MILAM,G,30300,46660,15723,33062,70.86,Critical,0,0,0
MILLS,K,5417,6400,5508,1737,27.14,Severe,0,0,0
MITCHELL,F,11706,26284,14158,12126,46.13,Severe,0,0,0
MONTAGUE,B,21979,6245,7107,110,1.76,Low,0,0,0
MONTGOMERY,H,1267916,198653,127364,83518,42.04,Severe,1,0,1
MOORE,A,36050,160161,107384,52778,32.95,Severe,0,0,0
MORRIS,D,14293,29133,117666,999,3.43,Low,0,0,0
MOTLEY,O,1212,10261,13628,0,0.0,None,0,0,0
NACOGDOCHES,I,99155,30368,34400,7607,25.05,Severe,0,0,0
NAVARRO,C,74213,16436,14972,1775,10.8,Moderate,1,0,1
NEWTON,I,14445,7826,16973,0,0.0,None,0,0,0
NOLAN,G,18325,15195,6256,8948,58.89,Critical,0,0,0
NUECES,N,440797,139157,119408,19749,14.19,Moderate,0,2,2
OCHILTREE,A,14061,91562,91401,197,0.22,Low,0,0,0
OLDHAM,A,2376,7357,8016,0,0.0,None,0,0,0
ORANGE,I,94848,64843,74770,526,0.81,Low,0,0,0
PALO PINTO,G,35675,11436,20226,4212,36.83,Severe,0,1,1
PANOLA,I,27873,12401,16680,982,7.92,Low,0,0,0
PARKER,C,360125,62835,40005,24002,38.2,Severe,0,0,0
PARMER,O,14827,206127,47849,161748,78.47,Critical,0,0,0
PECOS,F,22021,157851,155851,2000,1.27,Low,0,0,0
POLK,I,66796,10194,13884,0,0.0,None,0,0,0
POTTER,A,180486,70749,57349,15202,21.49,Moderate,1,0,1
PRESIDIO,E,10972,6170,16115,0,0.0,None,0,0,0
RAINS,D,12947,2656,4234,20,0.75,Low,0,0,0
RANDALL,A,182010,59258,49158,12204,20.59,Moderate,0,0,0
REAGAN,F,4812,27573,27836,0,0.0,None,0,0,0
REAL,J,3329,848,3105,135,15.92,Moderate,0,0,0
RED RIVER,D,12976,6818,14451,2559,37.53,Severe,0,0,0
REEVES,F,17650,74174,66337,7837,10.57,Moderate,0,0,0
REFUGIO,L,8119,2736,2736,0,0.0,None,0,0,0
ROBERTS,A,1047,9447,9529,0,0.0,None,0,0,0
ROBERTSON,G,26441,145175,139056,18050,12.43,Moderate,0,0,0
ROCKWALL,C,246938,45577,32478,13808,30.3,Severe,0,1,1
RUNNELS,F,11300,5376,5861,425,7.91,Low,0,0,0
RUSK,I,79763,63411,65727,1417,2.23,Low,0,0,0
SABINE,I,11249,2626,5533,0,0.0,None,0,0,0
SAN AUGUSTINE,I,8917,5021,4329,2137,42.56,Severe,0,0,0
SAN JACINTO,H,37614,4644,5545,0,0.0,None,0,0,0
SAN PATRICIO,N,75451,71230,58590,12640,17.75,Moderate,0,0,0
SAN SABA,K,6722,10715,11987,0,0.0,None,0,0,0
SCHLEICHER,F,4350,3541,3541,0,0.0,None,0,0,0
SCURRY,F,26236,12011,4200,7811,65.03,Critical,0,0,0
SHACKELFORD,G,3667,2074,2154,233,11.23,Moderate,0,0,0
SHELBY,I,33095,29238,16132,14991,51.27,Critical,0,0,0
SHERMAN,A,3853,251881,213328,38831,15.42,Moderate,0,1,1
SMITH,D,315587,57183,57866,2343,4.1,Low,2,0,2
SOMERVELL,G,12013,73704,38982,36292,49.24,Severe,0,0,0
STARR,M,97107,38964,14554,24663,63.3,Critical,0,0,0
STEPHENS,G,10563,5925,4625,2367,39.95,Severe,0,0,0
STERLING,F,1275,1967,1967,0,0.0,None,0,0,0
STONEWALL,G,1504,1251,900,360,28.78,Severe,0,0,0
SUTTON,F,4279,3427,3427,0,0.0,None,0,0,0
SWISHER,O,8744,102139,35659,70822,69.34,Critical,0,0,0
TARRANT,C,2799127,569340,375397,202090,35.5,Severe,4,1,5
TAYLOR,G,156822,28884,14911,14258,49.36,Severe,0,0,0
TERRELL,E,1069,1705,1861,416,24.4,Moderate,0,0,0
TERRY,O,16108,137949,95056,43079,31.23,Severe,0,0,0
THROCKMORTON,G,1646,1061,779,362,34.12,Severe,0,0,0
TITUS,D,51665,80139,60003,35810,44.68,Severe,0,0,0
TOM GREEN,F,154230,70090,61516,9266,13.22,Moderate,0,0,0
TRAVIS,K,1936583,377848,414772,25866,6.85,Low,1,26,27
TRINITY,H,17473,2701,5126,0,0.0,None,0,0,0
TYLER,I,22396,4221,10757,0,0.0,None,0,0,0
UPSHUR,D,52128,8135,12917,285,3.5,Low,0,0,0
UPTON,F,4272,15864,17569,0,0.0,None,0,0,0
UVALDE,L,36257,75323,30867,44779,59.45,Critical,0,0,0
VAL VERDE,J,71566,19361,17561,6525,33.7,Severe,0,0,0
VAN ZANDT,D,72817,11240,19947,730,6.49,Low,0,0,0
VICTORIA,L,109785,77740,39058,45602,58.66,Critical,0,0,0
WALKER,H,80050,14988,31999,0,0.0,None,0,0,0
WALLER,H,88736,35478,33151,2343,6.6,Low,0,0,0
WARD,F,13029,10687,13464,2352,22.01,Moderate,0,0,0
WASHINGTON,G,41664,10269,8709,2107,20.52,Moderate,0,0,0
WEBB,M,530330,84646,80976,7075,8.36,Low,0,0,0
WHARTON,K,50804,282257,215342,69691,24.69,Moderate,0,0,0
WHEELER,A,6239,19334,20429,47,0.24,Low,0,0,0
WICHITA,B,147171,63226,38106,27734,43.86,Severe,0,0,0
WILBARGER,B,16208,41634,38398,3531,8.48,Low,0,0,0
WILLACY,M,34840,94530,26471,70215,74.28,Critical,0,0,0
WILLIAMSON,K,1141301,201339,112320,93710,46.54,Severe,1,4,5
WILSON,L,90016,33820,31708,7758,22.94,Moderate,0,0,0
WINKLER,F,10147,7167,7167,0,0.0,None,0,0,0
WISE,C,135797,42212,22627,19962,47.29,Severe,0,0,0
WOOD,D,48651,11997,20003,2681,22.35,Moderate,0,0,0
YOAKUM,O,12232,132824,57668,79379,59.76,Critical,0,0,0
YOUNG,B,21972,6516,4134,2567,39.4,Severe,0,0,0
ZAPATA,M,26365,10111,7503,3966,39.22,Severe,0,0,0
ZAVALA,L,17521,52954,33292,20733,39.15,Severe,0,0,0
