county,region,group,total_facilities,demand_acft,deficit_acft,deficit_pct_of_demand
ANDERSON,I,Non-Industrial,0,16426,0,0.0
ANDREWS,F,Non-Industrial,0,31059,10011,32.23
ANGELINA,I,Industrial,1,22485,1924,8.56
ARANSAS,N,Non-Industrial,0,4048,0,0.0
ARCHER,B,Non-Industrial,0,5358,1033,19.28
ARMSTRONG,A,Non-Industrial,0,7158,0,0.0
ATASCOSA,L,Non-Industrial,0,54513,1110,2.04
AUSTIN,H,Non-Industrial,0,14663,1114,7.6
BAILEY,O,Non-Industrial,0,68720,45934,66.84
BANDERA,J,Non-Industrial,0,4553,519,11.4
BASTROP,K,Non-Industrial,0,55372,15260,27.56
BAYLOR,B,Non-Industrial,0,6822,0,0.0
BEE,N,Non-Industrial,0,12137,2415,19.9
BELL,G,Non-Industrial,0,106665,18118,16.99
BEXAR,L,Industrial,6,420879,68266,16.22
BLANCO,K,Non-Industrial,0,3932,60,1.53
BORDEN,F,Non-Industrial,0,3793,240,6.33
BOSQUE,G,Non-Industrial,0,13026,2187,16.79
BOWIE,D,Non-Industrial,0,28751,20710,72.03
BRAZORIA,H,Non-Industrial,0,401947,97964,24.37
BRAZOS,G,Non-Industrial,0,112051,21470,19.16
BREWSTER,E,Non-Industrial,0,4952,0,0.0
BRISCOE,O,Non-Industrial,0,18540,4234,22.84
BROOKS,N,Non-Industrial,0,3991,411,10.3
BROWN,F,Non-Industrial,0,16683,1992,11.94
BURLESON,G,Non-Industrial,0,32704,385,1.18
BURNET,K,Non-Industrial,0,27378,5300,19.36
CALDWELL,L,Non-Industrial,0,10998,1367,12.43
CALHOUN,L,Non-Industrial,0,72429,14088,19.45
CALLAHAN,G,Non-Industrial,0,3310,298,9.0
CAMERON,M,Non-Industrial,0,610528,333920,54.69
CAMP,D,Non-Industrial,0,6939,3962,57.1
CARSON,A,Non-Industrial,0,90181,581,0.64
CASS,D,Non-Industrial,0,38860,2066,5.32
CASTRO,O,Non-Industrial,0,263929,207865,78.76
CHAMBERS,H,Non-Industrial,0,178873,20320,11.36
CHEROKEE,I,Non-Industrial,0,16076,236,1.47
CHILDRESS,A,Non-Industrial,0,16611,0,0.0
CLAY,B,Non-Industrial,0,5938,17,0.29
COCHRAN,O,Non-Industrial,0,76915,35349,45.96
COKE,F,Non-Industrial,0,2024,438,21.64
COLEMAN,F,Non-Industrial,0,2568,1381,53.78
COLLIN,C,Industrial,17,373126,142013,38.06
COLLINGSWORTH,A,Non-Industrial,0,39648,10161,25.63
COLORADO,K,Non-Industrial,0,176236,45829,26.0
COMAL,L,Non-Industrial,0,67595,27434,40.59
COMANCHE,G,Non-Industrial,0,37196,15734,42.3
CONCHO,F,Non-Industrial,0,6053,0,0.0
COOKE,C,Non-Industrial,0,10180,447,4.39
CORYELL,G,Non-Industrial,0,20900,4665,22.32
COTTLE,B,Non-Industrial,0,4844,0,0.0
CRANE,F,Non-Industrial,0,2967,0,0.0
CROCKETT,F,Non-Industrial,0,4066,0,0.0
CROSBY,O,Non-Industrial,0,87226,28694,32.9
CULBERSON,E,Non-Industrial,0,41695,5858,14.05
DALLAM,A,Non-Industrial,0,236536,93385,39.48
DALLAS,C,Industrial,60,701225,174502,24.89
DAWSON,O,Non-Industrial,0,96644,15021,15.54
DEAF SMITH,O,Non-Industrial,0,159557,90549,56.75
DELTA,D,Non-Industrial,0,3590,263,7.33
DENTON,C,Industrial,4,305248,118823,38.93
DEWITT,L,Non-Industrial,0,8424,267,3.17
DICKENS,O,Non-Industrial,0,9817,0,0.0
DIMMIT,L,Non-Industrial,0,11540,7393,64.06
DONLEY,A,Non-Industrial,0,32667,0,0.0
DUVAL,N,Non-Industrial,0,8276,1427,17.24
EASTLAND,G,Non-Industrial,0,9421,471,5.0
ECTOR,F,Industrial,1,49433,3981,8.05
EDWARDS,J,Non-Industrial,0,1071,153,14.29
EL PASO,E,Industrial,1,355288,82882,23.33
ELLIS,C,Industrial,2,73196,24845,33.94
ERATH,G,Non-Industrial,0,20108,8,0.04
FALLS,G,Non-Industrial,0,13124,188,1.43
FANNIN,C,Non-Industrial,0,22330,7088,31.74
FAYETTE,K,Non-Industrial,0,58668,5080,8.66
FISHER,G,Non-Industrial,0,6288,216,3.44
FLOYD,O,Non-Industrial,0,91611,23187,25.31
FOARD,B,Non-Industrial,0,3851,0,0.0
FORT BEND,H,Industrial,5,370907,94382,25.45
FRANKLIN,D,Non-Industrial,0,4434,1804,40.69
FREESTONE,C,Non-Industrial,0,45961,14377,31.28
FRIO,L,Non-Industrial,0,84710,4673,5.52
GAINES,O,Non-Industrial,0,316356,170448,53.88
GALVESTON,H,Non-Industrial,0,136759,18326,13.4
GARZA,O,Non-Industrial,0,11869,0,0.0
GILLESPIE,K,Non-Industrial,0,9570,0,0.0
GLASSCOCK,F,Non-Industrial,0,54794,0,0.0
GOLIAD,L,Non-Industrial,0,7417,388,5.23
GONZALES,L,Non-Industrial,0,23697,0,0.0
GRAY,A,Non-Industrial,0,41330,1384,3.35
GRAYSON,C,Industrial,7,44867,5050,11.26
GREGG,D,Industrial,1,42288,14,0.03
GRIMES,G,Non-Industrial,0,23516,301,1.28
GUADALUPE,L,Industrial,1,57475,6552,11.4
HALE,O,Non-Industrial,0,260587,216096,82.93
HALL,A,Non-Industrial,0,32844,8296,25.26
HAMILTON,G,Non-Industrial,0,3221,16,0.5
HANSFORD,A,Non-Industrial,0,178385,409,0.23
HARDEMAN,B,Non-Industrial,0,14343,23,0.16
HARDIN,I,Non-Industrial,0,7559,0,0.0
HARRIS,H,Industrial,5,1354397,397450,29.35
HARRISON,D,Industrial,1,64773,1737,2.68
HARTLEY,A,Non-Industrial,0,294106,160175,54.46
HASKELL,G,Non-Industrial,0,57534,15288,26.57
HAYS,K,Non-Industrial,0,72555,18751,25.84
HEMPHILL,A,Non-Industrial,0,8819,0,0.0
HENDERSON,C,Non-Industrial,0,21283,2455,11.54
HIDALGO,M,Non-Industrial,0,909164,481789,52.99
HILL,G,Industrial,1,13970,4537,32.48
HOCKLEY,O,Non-Industrial,0,88731,27096,30.54
HOOD,G,Non-Industrial,0,39749,3160,7.95
HOPKINS,D,Non-Industrial,0,18837,6311,33.5
HOUSTON,I,Non-Industrial,0,8462,0,0.0
HOWARD,F,Non-Industrial,0,20193,864,4.28
HUDSPETH,E,Non-Industrial,0,116996,238,0.2
HUNT,D,Non-Industrial,0,33445,13864,41.45
HUTCHINSON,A,Non-Industrial,0,97248,394,0.41
IRION,F,Non-Industrial,0,3483,507,14.56
JACK,C,Non-Industrial,0,7681,1614,21.01
JACKSON,P,Non-Industrial,0,93207,0,0.0
JASPER,I,Non-Industrial,0,72296,8932,12.35
JEFF DAVIS,E,Non-Industrial,0,1664,0,0.0
JEFFERSON,I,Non-Industrial,0,394433,149713,37.96
JIM HOGG,M,Non-Industrial,0,1673,0,0.0
JIM WELLS,N,Non-Industrial,0,12409,2765,22.28
JOHNSON,G,Non-Industrial,0,46182,9866,21.36
JONES,G,Non-Industrial,0,7198,954,13.25
KARNES,L,Non-Industrial,0,6494,1457,22.44
KAUFMAN,C,Non-Industrial,0,53921,16698,30.97
KENDALL,L,Non-Industrial,0,12743,1332,10.45
KENEDY,N,Non-Industrial,0,1066,8,0.75
KENT,G,Non-Industrial,0,1499,0,0.0
KERR,J,Non-Industrial,0,9926,348,3.51
KIMBLE,F,Non-Industrial,0,4544,2412,53.08
KING,B,Non-Industrial,0,746,0,0.0
KINNEY,J,Non-Industrial,0,5202,27,0.52
KLEBERG,N,Non-Industrial,0,10360,353,3.41
KNOX,G,Non-Industrial,0,39274,11999,30.55
LA SALLE,L,Non-Industrial,0,11326,3538,31.24
LAMAR,D,Non-Industrial,0,28765,2309,8.03
LAMB,O,Non-Industrial,0,226485,187208,82.66
LAMPASAS,G,Non-Industrial,0,5916,1725,29.16
LAVACA,P,Non-Industrial,0,17079,0,0.0
LEE,G,Non-Industrial,0,5878,13,0.22
LEON,H,Non-Industrial,0,8773,143,1.63
LIBERTY,H,Non-Industrial,0,61332,9977,16.27
LIMESTONE,G,Non-Industrial,0,38356,8555,22.3
LIPSCOMB,A,Non-Industrial,0,43259,241,0.56
LIVE OAK,N,Non-Industrial,0,7308,563,7.7
LLANO,K,Non-Industrial,0,7908,584,7.38
LOVING,F,Non-Industrial,0,5441,1805,33.17
LUBBOCK,O,Industrial,1,205899,65459,31.79
LYNN,O,Non-Industrial,0,90901,12822,14.11
MADISON,H,Non-Industrial,0,5033,0,0.0
MARION,D,Non-Industrial,0,6057,502,8.29
MARTIN,F,Non-Industrial,0,41125,718,1.75
MASON,F,Non-Industrial,0,7140,677,9.48
MATAGORDA,K,Non-Industrial,0,268426,119568,44.54
MAVERICK,M,Non-Industrial,0,72670,15750,21.67
MCCULLOCH,F,Non-Industrial,0,11141,1410,12.66
MCLENNAN,G,Industrial,1,93029,8554,9.19
MCMULLEN,N,Non-Industrial,0,3295,0,0.0
MEDINA,L,Non-Industrial,0,73276,38489,52.53
MENARD,F,Non-Industrial,0,5204,196,3.77
MIDLAND,F,Industrial,1,67389,12751,18.92
MILAM,G,Non-Industrial,0,46660,33062,70.86
MILLS,K,Non-Industrial,0,6400,1737,27.14
MITCHELL,F,Non-Industrial,0,26284,12126,46.13
MONTAGUE,B,Non-Industrial,0,6245,110,1.76
MONTGOMERY,H,Industrial,1,198653,83518,42.04
MOORE,A,Non-Industrial,0,160161,52778,32.95
MORRIS,D,Non-Industrial,0,29133,999,3.43
MOTLEY,O,Non-Industrial,0,10261,0,0.0
NACOGDOCHES,I,Non-Industrial,0,30368,7607,25.05
NAVARRO,C,Industrial,1,16436,1775,10.8
NEWTON,I,Non-Industrial,0,7826,0,0.0
NOLAN,G,Non-Industrial,0,15195,8948,58.89
NUECES,N,Industrial,2,139157,19749,14.19
OCHILTREE,A,Non-Industrial,0,91562,197,0.22
OLDHAM,A,Non-Industrial,0,7357,0,0.0
ORANGE,I,Non-Industrial,0,64843,526,0.81
PALO PINTO,G,Industrial,1,11436,4212,36.83
PANOLA,I,Non-Industrial,0,12401,982,7.92
PARKER,C,Non-Industrial,0,62835,24002,38.2
PARMER,O,Non-Industrial,0,206127,161748,78.47
PECOS,F,Non-Industrial,0,157851,2000,1.27
POLK,I,Non-Industrial,0,10194,0,0.0
POTTER,A,Industrial,1,70749,15202,21.49
PRESIDIO,E,Non-Industrial,0,6170,0,0.0
RAINS,D,Non-Industrial,0,2656,20,0.75
RANDALL,A,Non-Industrial,0,59258,12204,20.59
REAGAN,F,Non-Industrial,0,27573,0,0.0
REAL,J,Non-Industrial,0,848,135,15.92
RED RIVER,D,Non-Industrial,0,6818,2559,37.53
REEVES,F,Non-Industrial,0,74174,7837,10.57
REFUGIO,L,Non-Industrial,0,2736,0,0.0
ROBERTS,A,Non-Industrial,0,9447,0,0.0
ROBERTSON,G,Non-Industrial,0,145175,18050,12.43
ROCKWALL,C,Industrial,1,45577,13808,30.3
RUNNELS,F,Non-Industrial,0,5376,425,7.91
RUSK,I,Non-Industrial,0,63411,1417,2.23
SABINE,I,Non-Industrial,0,2626,0,0.0
SAN AUGUSTINE,I,Non-Industrial,0,5021,2137,42.56
SAN JACINTO,H,Non-Industrial,0,4644,0,0.0
SAN PATRICIO,N,Non-Industrial,0,71230,12640,17.75
SAN SABA,K,Non-Industrial,0,10715,0,0.0
SCHLEICHER,F,Non-Industrial,0,3541,0,0.0
SCURRY,F,Non-Industrial,0,12011,7811,65.03
SHACKELFORD,G,Non-Industrial,0,2074,233,11.23
SHELBY,I,Non-Industrial,0,29238,14991,51.27
SHERMAN,A,Industrial,1,251881,38831,15.42
SMITH,D,Industrial,2,57183,2343,4.1
SOMERVELL,G,Non-Industrial,0,73704,36292,49.24
STARR,M,Non-Industrial,0,38964,24663,63.3
STEPHENS,G,Non-Industrial,0,5925,2367,39.95
STERLING,F,Non-Industrial,0,1967,0,0.0
STONEWALL,G,Non-Industrial,0,1251,360,28.78
SUTTON,F,Non-Industrial,0,3427,0,0.0
SWISHER,O,Non-Industrial,0,102139,70822,69.34
TARRANT,C,Industrial,5,569340,202090,35.5
TAYLOR,G,Non-Industrial,0,28884,14258,49.36
TERRELL,E,Non-Industrial,0,1705,416,24.4
TERRY,O,Non-Industrial,0,137949,43079,31.23
THROCKMORTON,G,Non-Industrial,0,1061,362,34.12
TITUS,D,Non-Industrial,0,80139,35810,44.68
TOM GREEN,F,Non-Industrial,0,70090,9266,13.22
TRAVIS,K,Industrial,27,377848,25866,6.85
TRINITY,H,Non-Industrial,0,2701,0,0.0
TYLER,I,Non-Industrial,0,4221,0,0.0
UPSHUR,D,Non-Industrial,0,8135,285,3.5
UPTON,F,Non-Industrial,0,15864,0,0.0
UVALDE,L,Non-Industrial,0,75323,44779,59.45
VAL VERDE,J,Non-Industrial,0,19361,6525,33.7
VAN ZANDT,D,Non-Industrial,0,11240,730,6.49
VICTORIA,L,Non-Industrial,0,77740,45602,58.66
WALKER,H,Non-Industrial,0,14988,0,0.0
WALLER,H,Non-Industrial,0,35478,2343,6.6
WARD,F,Non-Industrial,0,10687,2352,22.01
WASHINGTON,G,Non-Industrial,0,10269,2107,20.52
WEBB,M,Non-Industrial,0,84646,7075,8.36
WHARTON,K,Non-Industrial,0,282257,69691,24.69
WHEELER,A,Non-Industrial,0,19334,47,0.24
WICHITA,B,Non-Industrial,0,63226,27734,43.86
WILBARGER,B,Non-Industrial,0,41634,3531,8.48
WILLACY,M,Non-Industrial,0,94530,70215,74.28
WILLIAMSON,K,Industrial,5,201339,93710,46.54
WILSON,L,Non-Industrial,0,33820,7758,22.94
WINKLER,F,Non-Industrial,0,7167,0,0.0
WISE,C,Non-Industrial,0,42212,19962,47.29
WOOD,D,Non-Industrial,0,11997,2681,22.35
YOAKUM,O,Non-Industrial,0,132824,79379,59.76
YOUNG,B,Non-Industrial,0,6516,2567,39.4
ZAPATA,M,Non-Industrial,0,10111,3966,39.22
ZAVALA,L,Non-Industrial,0,52954,20733,39.15
