county,region,population_2020,population_2030,population_2040,population_2050,population_2060,population_2070,unmet_needs_2020_acft,unmet_needs_2030_acft,unmet_needs_2040_acft,unmet_needs_2050_acft,unmet_needs_2060_acft,unmet_needs_2070_acft,severity_pct,severity_tier,data_centers,semi_fabs,total_facilities
ANDERSON,I,61016,63017,63746,63746,63746,63746,0,0,0,0,0,0,0.0,None,0,0,0
ANDREWS,F,19089,22847,26246,30111,34526,39574,3147,7366,8503,10011,11727,13478,32.23,Severe,0,0,0
ANGELINA,I,93316,99848,105329,110332,114808,118772,1922,2197,2022,1924,1849,1792,8.56,Low,1,0,1
ARANSAS,N,24463,24991,24937,25102,25103,25104,0,0,0,0,0,0,0.0,None,0,0,0
ARCHER,B,9409,9845,9960,9960,9960,9960,905,1075,1015,1033,1058,1237,19.28,Moderate,0,0,0
ARMSTRONG,A,1911,1911,1911,1911,1911,1911,0,0,0,0,0,0,0.0,None,0,0,0
ATASCOSA,L,52574,60755,68210,75481,82324,88676,752,878,994,1110,1321,1517,2.04,Low,0,0,0
AUSTIN,H,33014,38257,43886,50483,57721,65756,0,405,714,1114,1583,2177,7.6,Low,0,0,0
BAILEY,O,8012,8962,9906,10880,11844,12790,15298,45670,45670,45934,46232,46551,66.84,Critical,0,0,0
BANDERA,J,24991,28780,30881,31742,32265,32537,405,473,506,519,529,535,11.4,Moderate,0,0,0
BASTROP,K,95487,125559,164648,217608,289140,384244,675,6978,11395,15260,22893,37368,27.56,Severe,0,0,0
BAYLOR,B,3726,3726,3726,3726,3726,3726,0,0,0,0,0,0,0.0,None,0,0,0
BEE,N,33478,34879,35487,35545,35579,35590,2477,2516,2487,2415,2378,2361,19.9,Moderate,0,0,0
BELL,G,371956,433618,497830,560252,624686,688107,3745,7840,12353,18118,24117,31530,16.99,Moderate,0,0,0
BEXAR,L,1974041,2231550,2468254,2695668,2904319,3094726,12387,27016,47872,68266,90218,112499,16.22,Moderate,2,4,6
BLANCO,K,13015,15475,16917,17672,18175,18472,0,11,43,60,73,82,1.53,Low,0,0,0
BORDEN,F,659,671,671,671,671,671,0,138,202,240,265,282,6.33,Low,0,0,0
BOSQUE,G,20310,22184,23147,23747,24129,24362,2230,2352,2194,2187,2189,2225,16.79,Moderate,0,0,0
BOWIE,D,95703,98413,99263,103909,107829,111008,19166,19961,20309,20710,21138,21556,72.03,Critical,0,0,0
BRAZORIA,H,359935,411387,463886,519696,581368,648568,79489,87973,92617,97964,104105,111209,24.37,Moderate,0,0,0
BRAZOS,G,227654,282453,342487,401051,433781,484546,100,5388,13452,21470,25702,33389,19.16,Moderate,0,0,0
BREWSTER,E,9727,10091,10230,10334,10387,10417,0,0,0,0,0,0,0.0,None,0,0,0
BRISCOE,O,1673,1673,1673,1673,1673,1673,0,4234,4234,4234,4234,4234,22.84,Moderate,0,0,0
BROOKS,N,7783,8252,8722,9181,9595,9979,371,396,399,411,422,429,10.3,Moderate,0,0,0
BROWN,F,39761,40717,40717,40717,40717,40717,1981,1990,1988,1992,1985,1985,11.94,Moderate,0,0,0
BURLESON,G,18539,19946,20838,21735,22442,23022,353,372,387,385,383,393,1.18,Low,0,0,0
BURNET,K,53114,64268,73673,82668,90571,97426,1347,2329,3509,5300,7144,9033,19.36,Moderate,0,0,0
CALDWELL,L,47008,57553,67955,78243,88639,98754,140,290,588,1367,2215,3060,12.43,Moderate,0,0,0
CALHOUN,L,24037,26866,29622,32276,34906,37454,14088,14088,14088,14088,14176,14207,19.45,Moderate,0,0,0
CALLAHAN,G,14482,15504,16061,16351,16564,16700,539,542,307,298,292,288,9.0,Low,0,0,0
CAMERON,M,478974,559593,641376,729461,820068,912941,365992,350391,339940,333920,330325,327675,54.69,Critical,0,0,0
CAMP,D,13555,14873,15904,17127,18264,19372,3962,3962,3962,3962,3962,3962,57.1,Critical,0,0,0
CARSON,A,6354,6520,6632,6632,6632,6632,0,461,586,581,580,580,0.64,Low,0,0,0
CASS,D,31016,31229,31229,31229,31229,31229,2314,2218,2126,2066,2062,2062,5.32,Low,0,0,0
CASTRO,O,8890,9650,10194,10698,11091,11407,125042,207865,207865,207865,207865,207865,78.76,Critical,0,0,0
CHAMBERS,H,42162,50543,59210,68541,78519,88999,17122,18164,19087,20320,21660,23073,11.36,Moderate,0,0,0
CHEROKEE,I,55634,61005,66277,72560,79148,86269,238,247,210,236,292,476,1.47,Low,0,0,0
CHILDRESS,A,7269,7546,7776,8001,8225,8443,0,0,0,0,186,393,0.0,None,0,0,0
CLAY,B,11154,11503,11503,11503,11503,11503,4,10,13,17,22,89,0.29,Low,0,0,0
COCHRAN,O,3491,3687,3717,3667,3772,3807,42778,47340,40014,35349,31132,28190,45.96,Severe,0,0,0
COKE,F,3320,3320,3320,3320,3320,3320,449,444,440,438,437,437,21.64,Moderate,0,0,0
COLEMAN,F,9103,9307,9307,9307,9307,9307,1424,1412,1387,1381,1380,1380,53.78,Critical,0,0,0
COLLIN,C,1050506,1239303,1497921,1807279,2093720,2373092,2557,50183,90354,142013,192375,237749,38.06,Severe,2,15,17
COLLINGSWORTH,A,3236,3408,3522,3653,3755,3844,7391,10673,9831,10161,10322,9664,25.63,Severe,0,0,0
COLORADO,K,21884,22836,23544,24582,25449,26293,59388,54738,50209,45829,41572,37433,26.0,Severe,0,0,0
COMAL,L,152499,193188,234515,276239,317682,357464,8307,15421,21459,27434,33874,39952,40.59,Severe,0,0,0
COMANCHE,G,14502,15078,15467,15974,16406,16814,15764,15910,15742,15734,15692,15780,42.3,Severe,0,0,0
CONCHO,F,2781,2852,2852,2852,2852,2852,0,0,0,0,0,0,0.0,None,0,0,0
COOKE,C,40903,44035,46984,52427,62905,95351,588,220,301,447,1828,5922,4.39,Low,0,0,0
CORYELL,G,86105,97771,110752,122101,134199,146240,2760,3105,3686,4665,6025,8885,22.32,Moderate,0,0,0
COTTLE,B,1552,1552,1552,1552,1552,1552,0,0,0,0,0,0,0.0,None,0,0,0
CRANE,F,5056,5713,6241,6737,7151,7501,0,0,0,0,0,0,0.0,None,0,0,0
CROCKETT,F,4111,4386,4446,4486,4500,4506,0,0,0,0,0,0,0.0,None,0,0,0
CROSBY,O,6526,7023,7433,7850,8299,8715,1502,1698,28722,28694,28674,28658,32.9,Severe,0,0,0
CULBERSON,E,2695,2954,3069,3173,3233,3272,333,333,5858,5858,5858,5858,14.05,Moderate,0,0,0
DALLAM,A,7718,8668,9667,10650,11594,12503,29965,117238,109256,93385,76444,76664,39.48,Severe,0,0,0
DALLAS,C,2587960,2871662,3180529,3429783,3627334,3770858,16473,73982,126168,174502,211482,240513,24.89,Moderate,2,58,60
DAWSON,O,14807,15577,16177,16440,17098,17575,1546,1546,14953,15021,15051,15065,15.54,Moderate,0,0,0
DEAF SMITH,O,22151,25573,29314,33554,36887,40531,19946,88994,89716,90549,91394,92287,56.75,Critical,0,0,0
DELTA,D,5320,5376,5376,5376,5376,5376,268,259,261,263,265,265,7.33,Low,0,0,0
DENTON,C,891063,1115119,1329551,1584015,1866215,2113136,3954,39717,75403,118823,168623,210453,38.93,Severe,2,2,4
DEWITT,L,20855,21555,21900,22216,22425,22572,2036,1935,637,267,0,0,3.17,Low,0,0,0
DICKENS,O,2164,2164,2164,2164,2164,2164,0,0,0,0,0,0,0.0,None,0,0,0
DIMMIT,L,10875,11725,12275,12825,13246,13585,9473,9561,8901,7393,5888,5330,64.06,Critical,0,0,0
DONLEY,A,3788,3788,3788,3788,3788,3788,0,0,0,0,32,66,0.0,None,0,0,0
DUVAL,N,12715,13470,14098,14644,15080,15435,1477,1567,1504,1427,1389,1361,17.24,Moderate,0,0,0
EASTLAND,G,19289,19712,19730,19732,19732,19732,921,930,686,471,275,189,5.0,Low,0,0,0
ECTOR,F,164289,187604,210926,233048,255083,278740,2747,83,102,3981,8148,12792,8.05,Low,1,0,1
EDWARDS,J,2123,2123,2123,2123,2123,2123,157,155,153,153,153,153,14.29,Moderate,0,0,0
EL PASO,E,925565,1055903,1176945,1296927,1410527,1517340,59582,65016,69406,82882,97975,112533,23.33,Moderate,0,1,1
ELLIS,C,191638,241778,280745,360584,479939,670845,3365,10621,15249,24845,39005,64739,33.94,Severe,2,0,2
ERATH,G,42135,46923,50968,54827,58474,61844,10,13,7,8,156,355,0.04,Low,0,0,0
FALLS,G,19413,20397,20610,20126,20736,21364,127,148,161,188,209,233,1.43,Low,0,0,0
FANNIN,C,38330,43084,52891,69328,101706,137732,4358,4618,5006,7088,10890,15112,31.74,Severe,0,0,0
FAYETTE,K,28373,32384,35108,37351,39119,40476,5494,5261,4972,5080,5175,5246,8.66,Low,0,0,0
FISHER,G,4001,4001,4001,4001,4001,4001,318,291,245,216,192,172,3.44,Low,0,0,0
FLOYD,O,6869,7294,7563,7854,8081,8270,41938,42645,26307,23187,23187,23187,25.31,Severe,0,0,0
FOARD,B,1389,1401,1401,1401,1401,1401,0,0,0,0,13,24,0.0,None,0,0,0
FORT BEND,H,881966,1095123,1259307,1421933,1583782,1755164,1844,65229,81186,94382,109017,123598,25.45,Severe,1,4,5
FRANKLIN,D,11124,11627,11930,12226,12447,12622,1804,1804,1804,1804,1804,1804,40.69,Severe,0,0,0
FREESTONE,C,20437,21077,22947,31142,44475,73287,11199,11790,12821,14377,15755,19226,31.28,Severe,0,0,0
FRIO,L,19186,21144,22846,24488,25967,27304,611,771,2751,4673,6543,8497,5.52,Low,0,0,0
GAINES,O,21316,25746,30997,36654,41666,46886,107077,168931,169649,170448,171159,171905,53.88,Critical,0,0,0
GALVESTON,H,343570,377373,403820,427547,447126,465193,7938,17671,17980,18326,18720,19964,13.4,Moderate,0,0,0
GARZA,O,7077,7510,7899,8166,8569,8905,0,0,0,0,0,0,0.0,None,0,0,0
GILLESPIE,K,26795,28852,30548,32536,34365,36142,0,0,0,0,0,0,0.0,None,0,0,0
GLASSCOCK,F,1341,1429,1429,1429,1429,1429,0,0,0,0,0,0,0.0,None,0,0,0
GOLIAD,L,8427,9519,10239,10545,10759,10884,388,388,388,388,388,388,5.23,Low,0,0,0
GONZALES,L,21751,23921,25963,28330,30738,33256,0,0,0,0,0,0,0.0,None,0,0,0
GRAY,A,24439,27046,30168,34186,37388,40730,0,160,836,1384,4569,5043,3.35,Low,0,0,0
GRAYSON,C,135311,149527,159610,178907,242865,337120,1167,2442,3260,5050,10955,27722,11.26,Moderate,0,7,7
GREGG,D,133347,146034,160540,176927,195352,216203,11,19,19,14,11,17,0.03,Low,0,1,1
GRIMES,G,29441,32179,34258,36454,38277,39867,284,563,432,301,186,151,1.28,Low,0,0,0
GUADALUPE,L,182693,235318,276064,315934,356480,396261,43,480,2379,6552,10906,14765,11.4,Moderate,0,1,1
HALE,O,38314,39965,40647,40307,41369,41814,110502,216362,216232,216096,215976,215872,82.93,Critical,0,0,0
HALL,A,3393,3487,3487,3487,3487,3487,15637,14353,11459,8296,5348,6626,25.26,Severe,0,0,0
HAMILTON,G,8562,8703,8703,8703,8703,8703,145,12,14,16,19,21,0.5,Low,0,0,0
HANSFORD,A,5959,6368,6710,7017,7330,7634,0,20,98,409,751,797,0.23,Low,0,0,0
HARDEMAN,B,4274,4383,4420,4507,4552,4587,0,0,0,23,94,177,0.16,Low,0,0,0
HARDIN,I,59477,63986,67194,69560,71410,72798,0,0,0,0,0,0,0.0,None,0,0,0
HARRIS,H,4707870,5058144,5376099,5678242,5974068,6272346,21182,235133,360847,397450,436267,476817,29.35,Severe,2,3,5
HARRISON,D,70337,75538,80921,88474,96706,106413,2412,2062,1840,1737,1707,1774,2.68,Low,1,0,1
HARTLEY,A,6281,6631,6817,6950,7069,7164,84944,193146,178101,160175,142147,142163,54.46,Critical,0,0,0
HASKELL,G,5913,5973,6004,6064,6153,6285,17249,17358,15013,15288,16270,16393,26.57,Severe,0,0,0
HAYS,L,238862,313792,398384,474801,593384,728344,626,4079,10390,18751,31337,48349,25.84,Severe,0,0,0
HEMPHILL,A,4209,4609,4948,5297,5609,5895,0,0,0,0,0,0,0.0,None,0,0,0
HENDERSON,I,92383,99236,106681,116100,142441,175525,880,1354,1785,2455,4895,8890,11.54,Moderate,0,0,0
HIDALGO,M,981890,1219225,1457502,1696257,1935015,2167137,440889,449869,466839,481789,496952,511851,52.99,Critical,0,0,0
HILL,G,37828,40277,41935,43643,44937,45989,4625,4446,4462,4537,4586,4686,32.48,Severe,1,0,1
HOCKLEY,O,25130,26734,27707,27888,29134,29935,0,43079,30841,27096,27096,27096,30.54,Severe,0,0,0
HOOD,G,61316,71099,78111,84147,88785,92339,2522,2220,2691,3160,3753,5146,7.95,Low,0,0,0
HOPKINS,D,37978,40895,43555,46610,49556,52517,5942,6043,6193,6311,6517,6739,33.5,Severe,0,0,0
HOUSTON,I,24151,24260,24260,24260,24260,24260,0,0,0,0,0,201,0.0,None,0,0,0
HOWARD,F,37310,38936,39603,39603,39603,39603,816,0,0,864,1657,2406,4.28,Low,0,0,0
HUDSPETH,E,3913,4304,4424,4511,4553,4575,231,206,223,238,247,258,0.2,Low,0,0,0
HUNT,D,104894,130351,164886,207929,271952,367505,3736,6045,9335,13864,20225,29255,41.45,Severe,0,0,0
HUTCHINSON,A,22957,23779,23990,23990,23990,23990,0,164,291,394,615,622,0.41,Low,0,0,0
IRION,F,1684,1702,1702,1702,1702,1702,2273,2269,963,507,507,507,14.56,Moderate,0,0,0
JACK,C,9751,10409,10817,11033,11190,11291,162,768,1238,1614,1905,2190,21.01,Moderate,0,0,0
JACKSON,P,14606,15119,15336,15515,15627,15699,0,0,0,0,0,0,0.0,None,0,0,0
JASPER,I,36878,37695,37849,37849,37849,37849,8932,8932,8932,8932,8932,8932,12.35,Moderate,0,0,0
JEFF DAVIS,E,2398,2398,2398,2398,2398,2398,0,0,0,0,0,0,0.0,None,0,0,0
JEFFERSON,I,267379,284620,302744,323802,347030,373041,103529,145904,147136,149713,153065,157005,37.96,Severe,0,0,0
JIM HOGG,M,5853,6356,6790,7274,7694,8082,8,0,38,0,0,0,0.0,None,0,0,0
JIM WELLS,N,44987,48690,52052,55533,58600,61410,2443,2568,2651,2765,2881,3000,22.28,Moderate,0,0,0
JOHNSON,G,173835,200573,228160,258414,291047,325967,4008,4252,5877,9866,15113,20597,21.36,Moderate,0,0,0
JONES,G,21424,22676,23558,24312,24937,25446,446,589,714,954,1096,1263,13.25,Moderate,0,0,0
KARNES,L,15456,15938,15968,15968,15968,15968,2550,1976,2008,1457,1407,1378,22.44,Moderate,0,0,0
KAUFMAN,C,146389,195107,242354,306833,423277,566840,997,5572,10590,16698,26279,39375,30.97,Severe,0,0,0
KENDALL,L,42185,52213,62807,73308,84028,94549,1,283,674,1332,2980,4390,10.45,Moderate,0,0,0
KENEDY,N,463,498,504,507,508,508,58,63,32,8,0,0,0.75,Low,0,0,0
KENT,G,798,816,816,816,816,816,0,0,0,0,0,0,0.0,None,0,0,0
KERR,J,52644,55407,57044,58665,59830,60725,342,343,347,348,350,354,3.51,Low,0,0,0
KIMBLE,F,4710,4754,4754,4754,4754,4754,2332,2427,2416,2412,2411,2411,53.08,Critical,0,0,0
KING,B,300,316,316,316,316,316,0,0,0,0,0,0,0.0,None,0,0,0
KINNEY,J,3695,3720,3720,3720,3720,3720,27,27,27,27,27,27,0.52,Low,0,0,0
KLEBERG,N,35567,38963,42202,45324,48251,50989,139,389,369,353,337,327,3.41,Low,0,0,0
KNOX,G,3847,4003,4086,4183,4260,4325,15361,17769,14083,11999,11710,13915,30.55,Severe,0,0,0
LA SALLE,L,7776,8517,9209,9987,10657,11279,5272,5446,4957,3538,2122,1441,31.24,Severe,0,0,0
LAMAR,D,52170,54189,55683,57037,58092,58943,2289,2289,2297,2309,2319,2329,8.03,Low,0,0,0
LAMB,O,14615,15175,15438,15419,15791,15975,75854,187242,187176,187208,187603,188042,82.66,Critical,0,0,0
LAMPASAS,G,21800,24100,25874,27689,29296,30741,862,1185,1443,1725,2009,2347,29.16,Severe,0,0,0
LAVACA,P,19263,19263,19263,19263,19263,19263,0,0,0,0,0,0,0.0,None,0,0,0
LEE,G,19131,21511,22877,23375,23709,23889,275,176,13,13,11,12,0.22,Low,0,0,0
LEON,H,18211,19536,20603,22071,23340,24582,0,222,143,143,143,143,1.63,Low,0,0,0
LIBERTY,H,86303,97227,107618,118048,128028,137560,9882,9920,9931,9977,10030,10100,16.27,Moderate,0,0,0
LIMESTONE,G,25136,26615,27817,29134,30206,31152,8494,8146,8076,8555,9071,9832,22.3,Moderate,0,0,0
LIPSCOMB,A,3599,3858,4011,4211,4350,4465,0,0,97,241,344,372,0.56,Low,0,0,0
LIVE OAK,N,11683,11690,11690,11690,11690,11690,344,563,563,563,564,563,7.7,Low,0,0,0
LLANO,K,21291,22453,22422,22035,22779,23549,591,620,606,584,612,642,7.38,Low,0,0,0
LOVING,F,82,82,82,82,82,82,3906,3906,3005,1805,1000,1000,33.17,Severe,0,0,0
LUBBOCK,O,309769,343977,378320,414938,449770,484316,13501,54855,60489,65459,72226,77808,31.79,Severe,0,1,1
LYNN,O,6279,6605,6624,6594,6924,7074,635,785,6183,12822,16885,19439,14.11,Moderate,0,0,0
MADISON,H,14753,15817,16786,17872,18886,19877,0,375,157,0,0,0,0.0,None,0,0,0
MARION,D,10601,10601,10601,10601,10601,10601,388,663,612,502,394,321,8.29,Low,0,0,0
MARTIN,F,5433,5986,6382,6735,7000,7205,0,0,0,718,3227,4972,1.75,Low,0,0,0
MASON,F,4012,4012,4012,4012,4012,4012,700,690,682,677,676,676,9.48,Low,0,0,0
MATAGORDA,K,39166,41226,42548,43570,44296,44815,134502,129401,124402,119568,114862,110277,44.54,Severe,0,0,0
MAVERICK,M,63107,72491,81243,90304,98988,107327,18686,17630,17041,15750,14477,13514,21.67,Moderate,0,0,0
MCCULLOCH,F,8635,9000,9030,9125,9152,9165,1391,1420,1402,1410,1412,1414,12.66,Moderate,0,0,0
MCLENNAN,G,252211,272216,289887,307661,325373,342757,3576,7009,7559,8554,9632,13303,9.19,Low,0,1,1
MCMULLEN,N,734,734,734,734,734,734,0,0,0,0,0,0,0.0,None,0,0,0
MEDINA,L,52653,59694,65676,70896,75605,79700,36808,37544,37831,38489,39053,40481,52.53,Critical,0,0,0
MENARD,F,2242,2242,2242,2242,2242,2242,211,203,197,196,196,196,3.77,Low,0,0,0
MIDLAND,F,169062,195286,213581,232357,250264,269070,48,5876,9659,12751,15806,19054,18.92,Moderate,0,1,1
MILAM,G,26234,27793,28896,30300,31501,32629,32333,32795,33335,33062,33086,33215,70.86,Critical,0,0,0
MILLS,K,4912,5076,5213,5417,5625,5859,1737,1737,1737,1737,1739,1756,27.14,Severe,0,0,0
MITCHELL,F,10531,11329,11566,11706,11826,11930,11910,12317,12233,12126,12060,11991,46.13,Severe,0,0,0
MONTAGUE,B,20507,21260,21600,21979,22223,22401,1291,277,308,110,208,305,1.76,Low,0,0,0
MONTGOMERY,H,627917,811252,1019278,1267916,1576135,1946063,7012,27645,52394,83518,122759,169987,42.04,Severe,1,0,1
MOORE,A,25513,28864,32429,36050,39824,43690,10522,51384,54658,52778,50285,51003,32.95,Severe,0,0,0
MORRIS,D,13364,13612,13886,14293,14618,14942,1005,1003,1000,999,999,999,3.43,Low,0,0,0
MOTLEY,O,1212,1212,1212,1212,1212,1212,0,0,0,0,0,0,0.0,None,0,0,0
NACOGDOCHES,I,72136,81040,89815,99155,109035,119364,11445,9374,7046,7607,8390,9517,25.05,Severe,0,0,0
NAVARRO,C,52505,59556,65958,74213,83221,99056,217,262,355,1775,3321,5664,10.8,Moderate,1,0,1
NEWTON,I,14445,14445,14445,14445,14445,14445,115,59,0,0,0,0,0.0,None,0,0,0
NOLAN,G,16134,17039,17657,18325,18863,19325,8824,8894,8893,8948,8994,9045,58.89,Critical,0,0,0
NUECES,N,374157,407534,428513,440797,449936,456056,5971,15298,18032,19749,21726,23158,14.19,Moderate,0,2,2
OCHILTREE,A,11305,12158,13075,14061,15122,16264,0,0,1,197,563,824,0.22,Low,0,0,0
OLDHAM,A,2230,2376,2376,2376,2376,2376,0,0,0,0,0,0,0.0,None,0,0,0
ORANGE,I,86327,90233,92984,94848,96269,97298,526,526,526,526,526,526,0.81,Low,0,0,0
PALO PINTO,G,30535,32771,34280,35675,36739,37579,3666,4119,4118,4212,4300,4423,36.83,Severe,0,1,1
PANOLA,I,25111,26378,27154,27873,28412,28832,982,982,982,982,982,982,7.92,Low,0,0,0
PARKER,C,201491,260194,276979,360125,472097,593000,2844,9035,13244,24002,39331,55985,38.2,Severe,0,0,0
PARMER,O,11424,12648,13748,14827,16091,17244,122909,161748,161748,161748,160988,160887,78.47,Critical,0,0,0
PECOS,F,17718,19224,20802,22021,23109,24090,3500,3500,3500,2000,600,0,1.27,Low,0,0,0
POLK,H,51870,57943,62722,66796,70120,72799,0,0,0,0,0,0,0.0,None,0,0,0
POTTER,A,134031,148960,164757,180486,197638,215701,0,3749,9043,15202,20616,24263,21.49,Moderate,1,0,1
PRESIDIO,E,8692,9445,10174,10972,11688,12367,0,0,0,0,0,0,0.0,None,0,0,0
RAINS,D,11888,12605,12809,12947,13007,13035,1,2,15,20,23,65,0.75,Low,0,0,0
RANDALL,A,134269,150044,165835,182010,199219,217095,0,2755,7105,12204,17395,20766,20.59,Moderate,0,0,0
REAGAN,F,3853,4303,4571,4812,4980,5102,0,0,0,0,0,0,0.0,None,0,0,0
REAL,J,3329,3329,3329,3329,3329,3329,143,139,136,135,135,135,15.92,Moderate,0,0,0
RED RIVER,D,12976,12976,12976,12976,12976,12976,2575,2569,2560,2559,2557,2557,37.53,Severe,0,0,0
REEVES,F,15125,16193,17057,17650,18106,18443,10507,10518,10029,7837,5742,4147,10.57,Moderate,0,0,0
REFUGIO,L,7687,7929,7985,8119,8175,8213,0,0,0,0,0,0,0.0,None,0,0,0
ROBERTS,A,1003,1047,1047,1047,1047,1047,0,0,0,0,0,0,0.0,None,0,0,0
ROBERTSON,G,19694,22035,24731,26441,28217,30009,12932,16338,17335,18050,18262,18502,12.43,Moderate,0,0,0
ROCKWALL,C,119410,160315,213619,246938,291850,325052,126,4820,9399,13808,19392,24256,30.3,Severe,0,1,1
RUNNELS,F,10883,11300,11300,11300,11300,11300,440,442,425,425,427,436,7.91,Low,0,0,0
RUSK,I,59272,66067,72669,79763,87138,94780,1169,1530,1468,1417,1496,1613,2.23,Low,0,0,0
SABINE,I,11217,11249,11249,11249,11249,11249,0,0,0,0,0,0,0.0,None,0,0,0
SAN AUGUSTINE,I,8917,8917,8917,8917,8917,8917,3555,2746,1866,2137,2438,2438,42.56,Severe,0,0,0
SAN JACINTO,H,29610,32627,34996,37614,39789,41714,0,0,0,0,0,0,0.0,None,0,0,0
SAN PATRICIO,N,68760,72114,74043,75451,76405,77049,1920,7732,10042,12640,15264,18165,17.75,Moderate,0,0,0
SAN SABA,K,6484,6793,6833,6722,6879,7039,0,0,0,0,0,0,0.0,None,0,0,0
SCHLEICHER,F,3811,4106,4259,4350,4406,4440,0,0,0,0,0,0,0.0,None,0,0,0
SCURRY,F,19911,22497,24249,26236,28246,30322,7499,7520,7587,7811,8059,8369,65.03,Critical,0,0,0
SHACKELFORD,G,3558,3666,3657,3667,3667,3667,354,539,349,233,119,34,11.23,Moderate,0,0,0
SHELBY,I,27461,29532,31362,33095,34715,36213,6556,8837,11609,14991,19113,19123,51.27,Critical,0,0,0
SHERMAN,A,3294,3571,3720,3853,3949,4020,0,0,29567,38831,38207,38423,15.42,Moderate,0,1,1
SMITH,D,233560,259400,286140,315587,346896,380621,306,900,1461,2343,3581,5183,4.1,Low,2,0,2
SOMERVELL,G,9482,10594,11395,12013,12539,12958,35808,36175,36216,36292,36388,36509,49.24,Severe,0,0,0
STARR,M,70803,80085,88633,97107,104687,111555,23774,24131,24370,24663,24923,25335,63.3,Critical,0,0,0
STEPHENS,G,9927,10293,10455,10563,10641,10693,3600,3680,2997,2367,1800,1316,39.95,Severe,0,0,0
STERLING,F,1215,1260,1275,1275,1275,1275,0,0,0,0,0,0,0.0,None,0,0,0
STONEWALL,G,1501,1504,1504,1504,1504,1504,487,479,417,360,303,254,28.78,Severe,0,0,0
SUTTON,F,3817,4094,4198,4279,4322,4347,0,0,0,0,0,0,0.0,None,0,0,0
SWISHER,O,8257,8670,8798,8744,9175,9380,13178,70822,70822,70822,70822,70500,69.34,Critical,0,0,0
TARRANT,C,2004609,2279113,2580325,2799127,2978034,3167377,10131,80903,150213,202090,244365,286599,35.5,Severe,4,1,5
TAYLOR,G,140675,147183,152561,156822,160004,162423,2841,5874,8728,14258,17453,21407,49.36,Severe,0,0,0
TERRELL,E,1045,1069,1069,1069,1069,1069,483,586,550,416,293,195,24.4,Moderate,0,0,0
TERRY,O,13599,14457,15321,16108,16847,17535,581,42971,42988,43079,43131,43125,31.23,Severe,0,0,0
THROCKMORTON,G,1646,1646,1646,1646,1646,1646,384,387,373,362,355,349,34.12,Severe,0,0,0
TITUS,D,36643,41381,46283,51665,57330,63315,32005,34223,35000,35810,36362,36782,44.68,Severe,0,0,0
TOM GREEN,F,123052,137486,145685,154230,163215,172642,4959,6993,8016,9266,10748,12348,13.22,Moderate,0,0,0
TRAVIS,K,1298624,1538784,1767636,1936583,2075875,2233259,3102,6867,20254,25866,31463,43787,6.85,Low,1,26,27
TRINITY,H,16502,17847,17981,17473,18283,19131,0,0,0,0,0,0,0.0,None,0,0,0
TYLER,I,22288,22396,22396,22396,22396,22396,0,0,0,0,0,0,0.0,None,0,0,0
UPSHUR,D,42696,46129,49089,52128,54915,57519,203,210,221,285,352,416,3.5,Low,0,0,0
UPTON,F,3690,3990,4128,4272,4360,4421,0,0,0,0,0,0,0.0,None,0,0,0
UVALDE,L,28846,31548,33861,36257,38543,40734,43173,43773,44193,44779,45420,46079,59.45,Critical,0,0,0
VAL VERDE,J,54694,60389,65902,71566,76960,82161,4661,5311,5923,6525,7108,8045,33.7,Severe,0,0,0
VAN ZANDT,D,58455,64146,68496,72817,76407,79478,314,620,664,730,822,912,6.49,Low,0,0,0
VICTORIA,L,93857,100260,105298,109785,113470,116522,42123,44159,44868,45602,46313,46924,58.66,Critical,0,0,0
WALKER,H,71800,75243,77724,80050,81859,83324,0,0,0,0,0,0,0.0,None,0,0,0
WALLER,H,52538,63443,75535,88736,103314,119122,653,1126,1678,2343,3261,4488,6.6,Low,0,0,0
WARD,F,11454,12144,12634,13029,13329,13557,2352,2352,2352,2352,2504,2507,22.01,Moderate,0,0,0
WASHINGTON,G,36199,38516,40095,41664,42884,43880,1369,1986,2033,2107,2147,2212,20.52,Moderate,0,0,0
WEBB,M,318028,393284,464960,530330,591945,647433,4922,2658,675,7075,15028,22256,8.36,Low,0,0,0
WHARTON,P,43804,46614,48860,50804,52599,54189,83154,78523,74033,69691,65493,61453,24.69,Moderate,0,0,0
WHEELER,A,5587,5809,6019,6239,6478,6733,0,0,0,47,132,153,0.24,Low,0,0,0
WICHITA,B,135627,140573,144448,147171,149771,151982,20830,22810,25291,27734,30296,34580,43.86,Severe,0,0,0
WILBARGER,B,14465,15252,15728,16208,16542,16796,1715,2320,2925,3531,4136,4788,8.48,Low,0,0,0
WILLACY,M,25264,28479,31559,34840,38012,41121,79374,76385,73231,70215,67214,64211,74.28,Critical,0,0,0
WILLIAMSON,G,631097,771834,941827,1141301,1394412,1643646,21418,40898,65031,93710,130307,167074,46.54,Severe,1,4,5
WILSON,L,54266,66837,79044,90016,100411,109771,4285,5175,6398,7758,9487,10895,22.94,Moderate,0,0,0
WINKLER,F,8033,8817,9459,10147,10702,11181,0,0,0,0,0,0,0.0,None,0,0,0
WISE,C,79882,95086,110343,135797,162282,208872,6953,10395,14279,19962,25522,34407,47.29,Severe,0,0,0
WOOD,D,44862,46735,47488,48651,49229,49622,2128,2681,2681,2681,2681,2681,22.35,Moderate,0,0,0
YOAKUM,O,8920,10089,11128,12232,13401,14511,33734,79756,79569,79379,79205,79186,59.76,Critical,0,0,0
YOUNG,G,19336,20400,21166,21972,22759,23519,1959,2277,2389,2567,2761,3035,39.4,Severe,0,0,0
ZAPATA,M,16819,19709,22876,26365,29976,33742,3249,3434,3667,3966,4340,4787,39.22,Severe,0,0,0
ZAVALA,L,13189,14758,16161,17521,18786,19956,21235,21350,21109,20733,20148,19865,39.15,Severe,0,0,0
