county,region,total_facilities,data_centers,semi_fabs,deficit_acft,predicted_deficit,residual,severity_tier
ANDREWS,F,0,0,0,10011,25623.0,-15612.0,Severe
ANGELINA,I,1,1,0,1924,28656.6,-26732.6,Low
ARCHER,B,0,0,0,1033,25623.0,-24590.0,Moderate
ATASCOSA,L,0,0,0,1110,25623.0,-24513.0,Low
AUSTIN,H,0,0,0,1114,25623.0,-24509.0,Low
BAILEY,O,0,0,0,45934,25623.0,20311.0,Critical
BANDERA,J,0,0,0,519,25623.0,-25104.0,Moderate
BASTROP,K,0,0,0,15260,25623.0,-10363.0,Severe
BEE,N,0,0,0,2415,25623.0,-23208.0,Moderate
BELL,G,0,0,0,18118,25623.0,-7505.0,Moderate
BEXAR,L,6,2,4,68266,43825.0,24441.0,Moderate
BLANCO,K,0,0,0,60,25623.0,-25563.0,Low
BORDEN,F,0,0,0,240,25623.0,-25383.0,Low
BOSQUE,G,0,0,0,2187,25623.0,-23436.0,Moderate
BOWIE,D,0,0,0,20710,25623.0,-4913.0,Critical
BRAZORIA,H,0,0,0,97964,25623.0,72341.0,Moderate
BRAZOS,G,0,0,0,21470,25623.0,-4153.0,Moderate
BRISCOE,O,0,0,0,4234,25623.0,-21389.0,Moderate
BROOKS,N,0,0,0,411,25623.0,-25212.0,Moderate
BROWN,F,0,0,0,1992,25623.0,-23631.0,Moderate
BURLESON,G,0,0,0,385,25623.0,-25238.0,Low
BURNET,K,0,0,0,5300,25623.0,-20323.0,Moderate
CALDWELL,L,0,0,0,1367,25623.0,-24256.0,Moderate
CALHOUN,L,0,0,0,14088,25623.0,-11535.0,Moderate
CALLAHAN,G,0,0,0,298,25623.0,-25325.0,Low
CAMERON,M,0,0,0,333920,25623.0,308297.0,Critical
CAMP,D,0,0,0,3962,25623.0,-21661.0,Critical
CARSON,A,0,0,0,581,25623.0,-25042.0,Low
CASS,D,0,0,0,2066,25623.0,-23557.0,Low
CASTRO,O,0,0,0,207865,25623.0,182242.0,Critical
CHAMBERS,H,0,0,0,20320,25623.0,-5303.0,Moderate
CHEROKEE,I,0,0,0,236,25623.0,-25387.0,Low
CLAY,B,0,0,0,17,25623.0,-25606.0,Low
COCHRAN,O,0,0,0,35349,25623.0,9726.0,Severe
COKE,F,0,0,0,438,25623.0,-25185.0,Moderate
COLEMAN,F,0,0,0,1381,25623.0,-24242.0,Critical
COLLIN,C,17,2,15,142013,77195.3,64817.7,Severe
COLLINGSWORTH,A,0,0,0,10161,25623.0,-15462.0,Severe
COLORADO,K,0,0,0,45829,25623.0,20206.0,Severe
COMAL,L,0,0,0,27434,25623.0,1811.0,Severe
COMANCHE,G,0,0,0,15734,25623.0,-9889.0,Severe
COOKE,C,0,0,0,447,25623.0,-25176.0,Low
CORYELL,G,0,0,0,4665,25623.0,-20958.0,Moderate
CROSBY,O,0,0,0,28694,25623.0,3071.0,Severe
CULBERSON,E,0,0,0,5858,25623.0,-19765.0,Moderate
DALLAM,A,0,0,0,93385,25623.0,67762.0,Severe
DALLAS,C,60,2,58,174502,207643.0,-33141.0,Moderate
DAWSON,O,0,0,0,15021,25623.0,-10602.0,Moderate
DEAF SMITH,O,0,0,0,90549,25623.0,64926.0,Critical
DELTA,D,0,0,0,263,25623.0,-25360.0,Low
DENTON,C,4,2,2,118823,37757.6,81065.4,Severe
DEWITT,L,0,0,0,267,25623.0,-25356.0,Low
DIMMIT,L,0,0,0,7393,25623.0,-18230.0,Critical
DUVAL,N,0,0,0,1427,25623.0,-24196.0,Moderate
EASTLAND,G,0,0,0,471,25623.0,-25152.0,Low
ECTOR,F,1,1,0,3981,28656.6,-24675.6,Low
EDWARDS,J,0,0,0,153,25623.0,-25470.0,Moderate
EL PASO,E,1,0,1,82882,28656.6,54225.4,Moderate
ELLIS,C,2,2,0,24845,31690.3,-6845.3,Severe
ERATH,G,0,0,0,8,25623.0,-25615.0,Low
FALLS,G,0,0,0,188,25623.0,-25435.0,Low
FANNIN,C,0,0,0,7088,25623.0,-18535.0,Severe
FAYETTE,K,0,0,0,5080,25623.0,-20543.0,Low
FISHER,G,0,0,0,216,25623.0,-25407.0,Low
FLOYD,O,0,0,0,23187,25623.0,-2436.0,Severe
FORT BEND,H,5,1,4,94382,40791.3,53590.7,Severe
FRANKLIN,D,0,0,0,1804,25623.0,-23819.0,Severe
FREESTONE,C,0,0,0,14377,25623.0,-11246.0,Severe
FRIO,L,0,0,0,4673,25623.0,-20950.0,Low
GAINES,O,0,0,0,170448,25623.0,144825.0,Critical
GALVESTON,H,0,0,0,18326,25623.0,-7297.0,Moderate
GOLIAD,L,0,0,0,388,25623.0,-25235.0,Low
GRAY,A,0,0,0,1384,25623.0,-24239.0,Low
GRAYSON,C,7,0,7,5050,46858.6,-41808.6,Moderate
GREGG,D,1,0,1,14,28656.6,-28642.6,Low
GRIMES,G,0,0,0,301,25623.0,-25322.0,Low
GUADALUPE,L,1,0,1,6552,28656.6,-22104.6,Moderate
HALE,O,0,0,0,216096,25623.0,190473.0,Critical
HALL,A,0,0,0,8296,25623.0,-17327.0,Severe
HAMILTON,G,0,0,0,16,25623.0,-25607.0,Low
HANSFORD,A,0,0,0,409,25623.0,-25214.0,Low
HARDEMAN,B,0,0,0,23,25623.0,-25600.0,Low
HARRIS,H,5,2,3,397450,40791.3,356658.7,Severe
HARRISON,D,1,1,0,1737,28656.6,-26919.6,Low
HARTLEY,A,0,0,0,160175,25623.0,134552.0,Critical
HASKELL,G,0,0,0,15288,25623.0,-10335.0,Severe
HAYS,K,0,0,0,18751,25623.0,-6872.0,Severe
HENDERSON,C,0,0,0,2455,25623.0,-23168.0,Moderate
HIDALGO,M,0,0,0,481789,25623.0,456166.0,Critical
HILL,G,1,1,0,4537,28656.6,-24119.6,Severe
HOCKLEY,O,0,0,0,27096,25623.0,1473.0,Severe
HOOD,G,0,0,0,3160,25623.0,-22463.0,Low
HOPKINS,D,0,0,0,6311,25623.0,-19312.0,Severe
HOWARD,F,0,0,0,864,25623.0,-24759.0,Low
HUDSPETH,E,0,0,0,238,25623.0,-25385.0,Low
HUNT,D,0,0,0,13864,25623.0,-11759.0,Severe
HUTCHINSON,A,0,0,0,394,25623.0,-25229.0,Low
IRION,F,0,0,0,507,25623.0,-25116.0,Moderate
JACK,C,0,0,0,1614,25623.0,-24009.0,Moderate
JASPER,I,0,0,0,8932,25623.0,-16691.0,Moderate
JEFFERSON,I,0,0,0,149713,25623.0,124090.0,Severe
JIM WELLS,N,0,0,0,2765,25623.0,-22858.0,Moderate
JOHNSON,G,0,0,0,9866,25623.0,-15757.0,Moderate
JONES,G,0,0,0,954,25623.0,-24669.0,Moderate
KARNES,L,0,0,0,1457,25623.0,-24166.0,Moderate
KAUFMAN,C,0,0,0,16698,25623.0,-8925.0,Severe
KENDALL,L,0,0,0,1332,25623.0,-24291.0,Moderate
KENEDY,N,0,0,0,8,25623.0,-25615.0,Low
KERR,J,0,0,0,348,25623.0,-25275.0,Low
KIMBLE,F,0,0,0,2412,25623.0,-23211.0,Critical
KINNEY,J,0,0,0,27,25623.0,-25596.0,Low
KLEBERG,N,0,0,0,353,25623.0,-25270.0,Low
KNOX,G,0,0,0,11999,25623.0,-13624.0,Severe
LA SALLE,L,0,0,0,3538,25623.0,-22085.0,Severe
LAMAR,D,0,0,0,2309,25623.0,-23314.0,Low
LAMB,O,0,0,0,187208,25623.0,161585.0,Critical
LAMPASAS,G,0,0,0,1725,25623.0,-23898.0,Severe
LEE,G,0,0,0,13,25623.0,-25610.0,Low
LEON,H,0,0,0,143,25623.0,-25480.0,Low
LIBERTY,H,0,0,0,9977,25623.0,-15646.0,Moderate
LIMESTONE,G,0,0,0,8555,25623.0,-17068.0,Moderate
LIPSCOMB,A,0,0,0,241,25623.0,-25382.0,Low
LIVE OAK,N,0,0,0,563,25623.0,-25060.0,Low
LLANO,K,0,0,0,584,25623.0,-25039.0,Low
LOVING,F,0,0,0,1805,25623.0,-23818.0,Severe
LUBBOCK,O,1,0,1,65459,28656.6,36802.4,Severe
LYNN,O,0,0,0,12822,25623.0,-12801.0,Moderate
MARION,D,0,0,0,502,25623.0,-25121.0,Low
MARTIN,F,0,0,0,718,25623.0,-24905.0,Low
MASON,F,0,0,0,677,25623.0,-24946.0,Low
MATAGORDA,K,0,0,0,119568,25623.0,93945.0,Severe
MAVERICK,M,0,0,0,15750,25623.0,-9873.0,Moderate
MCCULLOCH,F,0,0,0,1410,25623.0,-24213.0,Moderate
MCLENNAN,G,1,0,1,8554,28656.6,-20102.6,Low
MEDINA,L,0,0,0,38489,25623.0,12866.0,Critical
MENARD,F,0,0,0,196,25623.0,-25427.0,Low
MIDLAND,F,1,0,1,12751,28656.6,-15905.6,Moderate
MILAM,G,0,0,0,33062,25623.0,7439.0,Critical
MILLS,K,0,0,0,1737,25623.0,-23886.0,Severe
MITCHELL,F,0,0,0,12126,25623.0,-13497.0,Severe
MONTAGUE,B,0,0,0,110,25623.0,-25513.0,Low
MONTGOMERY,H,1,1,0,83518,28656.6,54861.4,Severe
MOORE,A,0,0,0,52778,25623.0,27155.0,Severe
MORRIS,D,0,0,0,999,25623.0,-24624.0,Low
NACOGDOCHES,I,0,0,0,7607,25623.0,-18016.0,Severe
NAVARRO,C,1,1,0,1775,28656.6,-26881.6,Moderate
NOLAN,G,0,0,0,8948,25623.0,-16675.0,Critical
NUECES,N,2,0,2,19749,31690.3,-11941.3,Moderate
OCHILTREE,A,0,0,0,197,25623.0,-25426.0,Low
ORANGE,I,0,0,0,526,25623.0,-25097.0,Low
PALO PINTO,G,1,0,1,4212,28656.6,-24444.6,Severe
PANOLA,I,0,0,0,982,25623.0,-24641.0,Low
PARKER,C,0,0,0,24002,25623.0,-1621.0,Severe
PARMER,O,0,0,0,161748,25623.0,136125.0,Critical
PECOS,F,0,0,0,2000,25623.0,-23623.0,Low
POTTER,A,1,1,0,15202,28656.6,-13454.6,Moderate
RAINS,D,0,0,0,20,25623.0,-25603.0,Low
RANDALL,A,0,0,0,12204,25623.0,-13419.0,Moderate
REAL,J,0,0,0,135,25623.0,-25488.0,Moderate
RED RIVER,D,0,0,0,2559,25623.0,-23064.0,Severe
REEVES,F,0,0,0,7837,25623.0,-17786.0,Moderate
ROBERTSON,G,0,0,0,18050,25623.0,-7573.0,Moderate
ROCKWALL,C,1,0,1,13808,28656.6,-14848.6,Severe
RUNNELS,F,0,0,0,425,25623.0,-25198.0,Low
RUSK,I,0,0,0,1417,25623.0,-24206.0,Low
SAN AUGUSTINE,I,0,0,0,2137,25623.0,-23486.0,Severe
SAN PATRICIO,N,0,0,0,12640,25623.0,-12983.0,Moderate
SCURRY,F,0,0,0,7811,25623.0,-17812.0,Critical
SHACKELFORD,G,0,0,0,233,25623.0,-25390.0,Moderate
SHELBY,I,0,0,0,14991,25623.0,-10632.0,Critical
SHERMAN,A,1,0,1,38831,28656.6,10174.4,Moderate
SMITH,D,2,2,0,2343,31690.3,-29347.3,Low
SOMERVELL,G,0,0,0,36292,25623.0,10669.0,Severe
STARR,M,0,0,0,24663,25623.0,-960.0,Critical
STEPHENS,G,0,0,0,2367,25623.0,-23256.0,Severe
STONEWALL,G,0,0,0,360,25623.0,-25263.0,Severe
SWISHER,O,0,0,0,70822,25623.0,45199.0,Critical
TARRANT,C,5,4,1,202090,40791.3,161298.7,Severe
TAYLOR,G,0,0,0,14258,25623.0,-11365.0,Severe
TERRELL,E,0,0,0,416,25623.0,-25207.0,Moderate
TERRY,O,0,0,0,43079,25623.0,17456.0,Severe
THROCKMORTON,G,0,0,0,362,25623.0,-25261.0,Severe
TITUS,D,0,0,0,35810,25623.0,10187.0,Severe
TOM GREEN,F,0,0,0,9266,25623.0,-16357.0,Moderate
TRAVIS,K,27,1,26,25866,107532.0,-81666.0,Low
UPSHUR,D,0,0,0,285,25623.0,-25338.0,Low
UVALDE,L,0,0,0,44779,25623.0,19156.0,Critical
VAL VERDE,J,0,0,0,6525,25623.0,-19098.0,Severe
VAN ZANDT,D,0,0,0,730,25623.0,-24893.0,Low
VICTORIA,L,0,0,0,45602,25623.0,19979.0,Critical
WALLER,H,0,0,0,2343,25623.0,-23280.0,Low
WARD,F,0,0,0,2352,25623.0,-23271.0,Moderate
WASHINGTON,G,0,0,0,2107,25623.0,-23516.0,Moderate
WEBB,M,0,0,0,7075,25623.0,-18548.0,Low
WHARTON,K,0,0,0,69691,25623.0,44068.0,Moderate
WHEELER,A,0,0,0,47,25623.0,-25576.0,Low
WICHITA,B,0,0,0,27734,25623.0,2111.0,Severe
WILBARGER,B,0,0,0,3531,25623.0,-22092.0,Low
WILLACY,M,0,0,0,70215,25623.0,44592.0,Critical
WILLIAMSON,K,5,1,4,93710,40791.3,52918.7,Severe
WILSON,L,0,0,0,7758,25623.0,-17865.0,Moderate
WISE,C,0,0,0,19962,25623.0,-5661.0,Severe
WOOD,D,0,0,0,2681,25623.0,-22942.0,Moderate
YOAKUM,O,0,0,0,79379,25623.0,53756.0,Critical
YOUNG,B,0,0,0,2567,25623.0,-23056.0,Severe
ZAPATA,M,0,0,0,3966,25623.0,-21657.0,Severe
ZAVALA,L,0,0,0,20733,25623.0,-4890.0,Severe
